file,line,type,commit,author,date,time,timezone,datetime,depth,length
style.css,1,css,1e8f6f29,unknown,2025-01-17,22:23:21,-08:00,2025-01-17T22:23:21-08:00,0,6
style.css,2,css,1e8f6f29,unknown,2025-01-17,22:23:21,-08:00,2025-01-17T22:23:21-08:00,0,38
style.css,3,css,1e8f6f29,unknown,2025-01-17,22:23:21,-08:00,2025-01-17T22:23:21-08:00,0,37
style.css,4,css,6d2d159b,unknown,2025-01-24,23:52:38,-08:00,2025-01-24T23:52:38-08:00,0,24
style.css,5,css,6d2d159b,unknown,2025-01-24,23:52:38,-08:00,2025-01-24T23:52:38-08:00,0,0
style.css,6,css,6d2d159b,unknown,2025-01-24,23:52:38,-08:00,2025-01-24T23:52:38-08:00,0,0
style.css,7,css,6d2d159b,unknown,2025-01-24,23:52:38,-08:00,2025-01-24T23:52:38-08:00,0,14
style.css,8,css,6d2d159b,unknown,2025-01-24,23:52:38,-08:00,2025-01-24T23:52:38-08:00,0,18
style.css,9,css,6d2d159b,unknown,2025-01-24,23:52:38,-08:00,2025-01-24T23:52:38-08:00,0,9
style.css,10,css,6d2d159b,unknown,2025-01-24,23:52:38,-08:00,2025-01-24T23:52:38-08:00,0,11
style.css,11,css,6d2d159b,unknown,2025-01-24,23:52:38,-08:00,2025-01-24T23:52:38-08:00,0,14
style.css,12,css,1e8f6f29,unknown,2025-01-17,22:23:21,-08:00,2025-01-17T22:23:21-08:00,0,0
style.css,13,css,1e8f6f29,unknown,2025-01-17,22:23:21,-08:00,2025-01-17T22:23:21-08:00,0,0
style.css,14,css,1e8f6f29,unknown,2025-01-17,22:23:21,-08:00,2025-01-17T22:23:21-08:00,0,23
style.css,15,css,1e8f6f29,unknown,2025-01-17,22:23:21,-08:00,2025-01-17T22:23:21-08:00,0,16
style.css,16,css,1e8f6f29,unknown,2025-01-17,22:23:21,-08:00,2025-01-17T22:23:21-08:00,0,18
style.css,17,css,1e8f6f29,unknown,2025-01-17,22:23:21,-08:00,2025-01-17T22:23:21-08:00,0,15
style.css,18,css,1e8f6f29,unknown,2025-01-17,22:23:21,-08:00,2025-01-17T22:23:21-08:00,0,0
style.css,19,css,1e8f6f29,unknown,2025-01-17,22:23:21,-08:00,2025-01-17T22:23:21-08:00,0,0
style.css,20,css,242f67fb,unknown,2025-01-31,23:33:37,-08:00,2025-01-31T23:33:37-08:00,0,11
style.css,21,css,242f67fb,unknown,2025-01-31,23:33:37,-08:00,2025-01-31T23:33:37-08:00,0,13
style.css,22,css,242f67fb,unknown,2025-01-31,23:33:37,-08:00,2025-01-31T23:33:37-08:00,0,62
style.css,23,css,242f67fb,unknown,2025-01-31,23:33:37,-08:00,2025-01-31T23:33:37-08:00,0,53
style.css,24,css,242f67fb,unknown,2025-01-31,23:33:37,-08:00,2025-01-31T23:33:37-08:00,0,0
style.css,25,css,242f67fb,unknown,2025-01-31,23:33:37,-08:00,2025-01-31T23:33:37-08:00,0,0
style.css,26,css,242f67fb,unknown,2025-01-31,23:33:37,-08:00,2025-01-31T23:33:37-08:00,0,13
style.css,27,css,242f67fb,unknown,2025-01-31,23:33:37,-08:00,2025-01-31T23:33:37-08:00,0,33
style.css,28,css,242f67fb,unknown,2025-01-31,23:33:37,-08:00,2025-01-31T23:33:37-08:00,0,0
style.css,29,css,242f67fb,unknown,2025-01-31,23:33:37,-08:00,2025-01-31T23:33:37-08:00,0,0
style.css,30,css,242f67fb,unknown,2025-01-31,23:33:37,-08:00,2025-01-31T23:33:37-08:00,0,0
style.css,31,css,242f67fb,unknown,2025-01-31,23:33:37,-08:00,2025-01-31T23:33:37-08:00,0,14
style.css,32,css,242f67fb,unknown,2025-01-31,23:33:37,-08:00,2025-01-31T23:33:37-08:00,0,7
style.css,33,css,242f67fb,unknown,2025-01-31,23:33:37,-08:00,2025-01-31T23:33:37-08:00,0,0
style.css,34,css,242f67fb,unknown,2025-01-31,23:33:37,-08:00,2025-01-31T23:33:37-08:00,0,0
style.css,35,css,dc6387ae,unknown,2025-01-10,01:01:39,-08:00,2025-01-10T01:01:39-08:00,0,5
style.css,36,css,dc6387ae,unknown,2025-01-10,01:01:39,-08:00,2025-01-10T01:01:39-08:00,0,44
style.css,37,css,dc6387ae,unknown,2025-01-10,01:01:39,-08:00,2025-01-10T01:01:39-08:00,0,43
style.css,38,css,dc6387ae,unknown,2025-01-10,01:01:39,-08:00,2025-01-10T01:01:39-08:00,0,1
style.css,39,css,dc6387ae,unknown,2025-01-10,01:01:39,-08:00,2025-01-10T01:01:39-08:00,0,24
style.css,40,css,1e8f6f29,unknown,2025-01-17,22:23:21,-08:00,2025-01-17T22:23:21-08:00,0,16
style.css,41,css,1e8f6f29,unknown,2025-01-17,22:23:21,-08:00,2025-01-17T22:23:21-08:00,0,43
style.css,42,css,1e8f6f29,unknown,2025-01-17,22:23:21,-08:00,2025-01-17T22:23:21-08:00,0,27
style.css,43,css,6d2d159b,unknown,2025-01-24,23:52:38,-08:00,2025-01-24T23:52:38-08:00,0,17
style.css,44,css,6d2d159b,unknown,2025-01-24,23:52:38,-08:00,2025-01-24T23:52:38-08:00,0,19
style.css,45,css,1e8f6f29,unknown,2025-01-17,22:23:21,-08:00,2025-01-17T22:23:21-08:00,0,0
style.css,46,css,1e8f6f29,unknown,2025-01-17,22:23:21,-08:00,2025-01-17T22:23:21-08:00,0,0
style.css,47,css,1e8f6f29,unknown,2025-01-17,22:23:21,-08:00,2025-01-17T22:23:21-08:00,0,4
style.css,48,css,6d2d159b,unknown,2025-01-24,23:52:38,-08:00,2025-01-24T23:52:38-08:00,0,40
style.css,49,css,1e8f6f29,unknown,2025-01-17,22:23:21,-08:00,2025-01-17T22:23:21-08:00,0,13
style.css,50,css,1e8f6f29,unknown,2025-01-17,22:23:21,-08:00,2025-01-17T22:23:21-08:00,0,18
style.css,51,css,1e8f6f29,unknown,2025-01-17,22:23:21,-08:00,2025-01-17T22:23:21-08:00,0,48
style.css,52,css,1e8f6f29,unknown,2025-01-17,22:23:21,-08:00,2025-01-17T22:23:21-08:00,0,0
style.css,53,css,1e8f6f29,unknown,2025-01-17,22:23:21,-08:00,2025-01-17T22:23:21-08:00,0,0
style.css,54,css,1e8f6f29,unknown,2025-01-17,22:23:21,-08:00,2025-01-17T22:23:21-08:00,0,0
style.css,55,css,1e8f6f29,unknown,2025-01-17,22:23:21,-08:00,2025-01-17T22:23:21-08:00,0,6
style.css,56,css,1e8f6f29,unknown,2025-01-17,22:23:21,-08:00,2025-01-17T22:23:21-08:00,0,7
style.css,57,css,1e8f6f29,unknown,2025-01-17,22:23:21,-08:00,2025-01-17T22:23:21-08:00,0,21
style.css,58,css,1e8f6f29,unknown,2025-01-17,22:23:21,-08:00,2025-01-17T22:23:21-08:00,0,14
style.css,59,css,1e8f6f29,unknown,2025-01-17,22:23:21,-08:00,2025-01-17T22:23:21-08:00,0,18
style.css,60,css,1e8f6f29,unknown,2025-01-17,22:23:21,-08:00,2025-01-17T22:23:21-08:00,0,14
style.css,61,css,1e8f6f29,unknown,2025-01-17,22:23:21,-08:00,2025-01-17T22:23:21-08:00,0,0
style.css,62,css,1e8f6f29,unknown,2025-01-17,22:23:21,-08:00,2025-01-17T22:23:21-08:00,0,0
style.css,63,css,1e8f6f29,unknown,2025-01-17,22:23:21,-08:00,2025-01-17T22:23:21-08:00,0,14
style.css,64,css,1e8f6f29,unknown,2025-01-17,22:23:21,-08:00,2025-01-17T22:23:21-08:00,0,44
style.css,65,css,1e8f6f29,unknown,2025-01-17,22:23:21,-08:00,2025-01-17T22:23:21-08:00,0,21
style.css,66,css,6d2d159b,unknown,2025-01-24,23:52:38,-08:00,2025-01-24T23:52:38-08:00,0,40
style.css,67,css,1e8f6f29,unknown,2025-01-17,22:23:21,-08:00,2025-01-17T22:23:21-08:00,0,0
style.css,68,css,1e8f6f29,unknown,2025-01-17,22:23:21,-08:00,2025-01-17T22:23:21-08:00,0,0
style.css,69,css,1e8f6f29,unknown,2025-01-17,22:23:21,-08:00,2025-01-17T22:23:21-08:00,0,12
style.css,70,css,1e8f6f29,unknown,2025-01-17,22:23:21,-08:00,2025-01-17T22:23:21-08:00,0,46
style.css,71,css,1e8f6f29,unknown,2025-01-17,22:23:21,-08:00,2025-01-17T22:23:21-08:00,0,21
style.css,72,css,6d2d159b,unknown,2025-01-24,23:52:38,-08:00,2025-01-24T23:52:38-08:00,0,70
style.css,73,css,1e8f6f29,unknown,2025-01-17,22:23:21,-08:00,2025-01-17T22:23:21-08:00,0,0
style.css,74,css,1e8f6f29,unknown,2025-01-17,22:23:21,-08:00,2025-01-17T22:23:21-08:00,0,0
style.css,75,css,6d2d159b,unknown,2025-01-24,23:52:38,-08:00,2025-01-24T23:52:38-08:00,0,32
style.css,76,css,1e8f6f29,unknown,2025-01-17,22:23:21,-08:00,2025-01-17T22:23:21-08:00,0,20
style.css,77,css,1e8f6f29,unknown,2025-01-17,22:23:21,-08:00,2025-01-17T22:23:21-08:00,0,0
style.css,78,css,1e8f6f29,unknown,2025-01-17,22:23:21,-08:00,2025-01-17T22:23:21-08:00,0,0
style.css,79,css,1e8f6f29,unknown,2025-01-17,22:23:21,-08:00,2025-01-17T22:23:21-08:00,0,5
style.css,80,css,1e8f6f29,unknown,2025-01-17,22:23:21,-08:00,2025-01-17T22:23:21-08:00,0,13
style.css,81,css,1e8f6f29,unknown,2025-01-17,22:23:21,-08:00,2025-01-17T22:23:21-08:00,0,31
style.css,82,css,1e8f6f29,unknown,2025-01-17,22:23:21,-08:00,2025-01-17T22:23:21-08:00,0,8
style.css,83,css,1e8f6f29,unknown,2025-01-17,22:23:21,-08:00,2025-01-17T22:23:21-08:00,0,0
style.css,84,css,1e8f6f29,unknown,2025-01-17,22:23:21,-08:00,2025-01-17T22:23:21-08:00,0,0
style.css,85,css,1e8f6f29,unknown,2025-01-17,22:23:21,-08:00,2025-01-17T22:23:21-08:00,0,11
style.css,86,css,1e8f6f29,unknown,2025-01-17,22:23:21,-08:00,2025-01-17T22:23:21-08:00,0,13
style.css,87,css,1e8f6f29,unknown,2025-01-17,22:23:21,-08:00,2025-01-17T22:23:21-08:00,0,30
style.css,88,css,1e8f6f29,unknown,2025-01-17,22:23:21,-08:00,2025-01-17T22:23:21-08:00,0,19
style.css,89,css,1e8f6f29,unknown,2025-01-17,22:23:21,-08:00,2025-01-17T22:23:21-08:00,0,0
style.css,90,css,1e8f6f29,unknown,2025-01-17,22:23:21,-08:00,2025-01-17T22:23:21-08:00,0,0
style.css,91,css,1e8f6f29,unknown,2025-01-17,22:23:21,-08:00,2025-01-17T22:23:21-08:00,0,0
style.css,92,css,242f67fb,unknown,2025-01-31,23:33:37,-08:00,2025-01-31T23:33:37-08:00,0,10
style.css,93,css,1e8f6f29,unknown,2025-01-17,22:23:21,-08:00,2025-01-17T22:23:21-08:00,0,13
style.css,94,css,1e8f6f29,unknown,2025-01-17,22:23:21,-08:00,2025-01-17T22:23:21-08:00,0,59
style.css,95,css,1e8f6f29,unknown,2025-01-17,22:23:21,-08:00,2025-01-17T22:23:21-08:00,0,8
style.css,96,css,242f67fb,unknown,2025-01-31,23:33:37,-08:00,2025-01-31T23:33:37-08:00,0,18
style.css,97,css,1e8f6f29,unknown,2025-01-17,22:23:21,-08:00,2025-01-17T22:23:21-08:00,0,0
style.css,98,css,1e8f6f29,unknown,2025-01-17,22:23:21,-08:00,2025-01-17T22:23:21-08:00,0,0
style.css,99,css,242f67fb,unknown,2025-01-31,23:33:37,-08:00,2025-01-31T23:33:37-08:00,0,17
style.css,100,css,242f67fb,unknown,2025-01-31,23:33:37,-08:00,2025-01-31T23:33:37-08:00,0,13
style.css,101,css,242f67fb,unknown,2025-01-31,23:33:37,-08:00,2025-01-31T23:33:37-08:00,0,22
style.css,102,css,242f67fb,unknown,2025-01-31,23:33:37,-08:00,2025-01-31T23:33:37-08:00,0,30
style.css,103,css,1e8f6f29,unknown,2025-01-17,22:23:21,-08:00,2025-01-17T22:23:21-08:00,0,16
style.css,104,css,1e8f6f29,unknown,2025-01-17,22:23:21,-08:00,2025-01-17T22:23:21-08:00,0,8
style.css,105,css,242f67fb,unknown,2025-01-31,23:33:37,-08:00,2025-01-31T23:33:37-08:00,0,59
style.css,106,css,242f67fb,unknown,2025-01-31,23:33:37,-08:00,2025-01-31T23:33:37-08:00,0,0
style.css,107,css,242f67fb,unknown,2025-01-31,23:33:37,-08:00,2025-01-31T23:33:37-08:00,0,0
style.css,108,css,242f67fb,unknown,2025-01-31,23:33:37,-08:00,2025-01-31T23:33:37-08:00,0,20
style.css,109,css,242f67fb,unknown,2025-01-31,23:33:37,-08:00,2025-01-31T23:33:37-08:00,0,49
style.css,110,css,242f67fb,unknown,2025-01-31,23:33:37,-08:00,2025-01-31T23:33:37-08:00,0,20
style.css,111,css,242f67fb,unknown,2025-01-31,23:33:37,-08:00,2025-01-31T23:33:37-08:00,0,73
style.css,112,css,242f67fb,unknown,2025-01-31,23:33:37,-08:00,2025-01-31T23:33:37-08:00,0,0
style.css,113,css,242f67fb,unknown,2025-01-31,23:33:37,-08:00,2025-01-31T23:33:37-08:00,0,0
style.css,114,css,242f67fb,unknown,2025-01-31,23:33:37,-08:00,2025-01-31T23:33:37-08:00,0,21
style.css,115,css,242f67fb,unknown,2025-01-31,23:33:37,-08:00,2025-01-31T23:33:37-08:00,0,53
style.css,116,css,242f67fb,unknown,2025-01-31,23:33:37,-08:00,2025-01-31T23:33:37-08:00,0,67
style.css,117,css,242f67fb,unknown,2025-01-31,23:33:37,-08:00,2025-01-31T23:33:37-08:00,0,0
style.css,118,css,242f67fb,unknown,2025-01-31,23:33:37,-08:00,2025-01-31T23:33:37-08:00,0,0
style.css,119,css,242f67fb,unknown,2025-01-31,23:33:37,-08:00,2025-01-31T23:33:37-08:00,0,19
style.css,120,css,242f67fb,unknown,2025-01-31,23:33:37,-08:00,2025-01-31T23:33:37-08:00,0,52
style.css,121,css,1e8f6f29,unknown,2025-01-17,22:23:21,-08:00,2025-01-17T22:23:21-08:00,0,0
style.css,122,css,1e8f6f29,unknown,2025-01-17,22:23:21,-08:00,2025-01-17T22:23:21-08:00,0,0
style.css,123,css,242f67fb,unknown,2025-01-31,23:33:37,-08:00,2025-01-31T23:33:37-08:00,0,0
style.css,124,css,1e8f6f29,unknown,2025-01-17,22:23:21,-08:00,2025-01-17T22:23:21-08:00,0,33
style.css,125,css,1e8f6f29,unknown,2025-01-17,22:23:21,-08:00,2025-01-17T22:23:21-08:00,0,58
style.css,126,css,1e8f6f29,unknown,2025-01-17,22:23:21,-08:00,2025-01-17T22:23:21-08:00,0,18
style.css,127,css,1e8f6f29,unknown,2025-01-17,22:23:21,-08:00,2025-01-17T22:23:21-08:00,0,14
style.css,128,css,1e8f6f29,unknown,2025-01-17,22:23:21,-08:00,2025-01-17T22:23:21-08:00,0,18
style.css,129,css,1e8f6f29,unknown,2025-01-17,22:23:21,-08:00,2025-01-17T22:23:21-08:00,0,39
style.css,130,css,1e8f6f29,unknown,2025-01-17,22:23:21,-08:00,2025-01-17T22:23:21-08:00,0,33
style.css,131,css,1e8f6f29,unknown,2025-01-17,22:23:21,-08:00,2025-01-17T22:23:21-08:00,0,6
style.css,132,css,1e8f6f29,unknown,2025-01-17,22:23:21,-08:00,2025-01-17T22:23:21-08:00,0,25
style.css,133,css,1e8f6f29,unknown,2025-01-17,22:23:21,-08:00,2025-01-17T22:23:21-08:00,0,0
style.css,134,css,1e8f6f29,unknown,2025-01-17,22:23:21,-08:00,2025-01-17T22:23:21-08:00,0,0
style.css,135,css,1e8f6f29,unknown,2025-01-17,22:23:21,-08:00,2025-01-17T22:23:21-08:00,0,0
style.css,136,css,1e8f6f29,unknown,2025-01-17,22:23:21,-08:00,2025-01-17T22:23:21-08:00,0,15
style.css,137,css,1e8f6f29,unknown,2025-01-17,22:23:21,-08:00,2025-01-17T22:23:21-08:00,0,0
style.css,138,css,1e8f6f29,unknown,2025-01-17,22:23:21,-08:00,2025-01-17T22:23:21-08:00,0,18
style.css,139,css,1e8f6f29,unknown,2025-01-17,22:23:21,-08:00,2025-01-17T22:23:21-08:00,0,13
style.css,140,css,1e8f6f29,unknown,2025-01-17,22:23:21,-08:00,2025-01-17T22:23:21-08:00,0,22
style.css,141,css,1e8f6f29,unknown,2025-01-17,22:23:21,-08:00,2025-01-17T22:23:21-08:00,0,19
style.css,142,css,1e8f6f29,unknown,2025-01-17,22:23:21,-08:00,2025-01-17T22:23:21-08:00,0,0
style.css,143,css,1e8f6f29,unknown,2025-01-17,22:23:21,-08:00,2025-01-17T22:23:21-08:00,0,1
style.css,144,css,1e8f6f29,unknown,2025-01-17,22:23:21,-08:00,2025-01-17T22:23:21-08:00,0,7
style.css,145,css,1e8f6f29,unknown,2025-01-17,22:23:21,-08:00,2025-01-17T22:23:21-08:00,0,21
style.css,146,css,1e8f6f29,unknown,2025-01-17,22:23:21,-08:00,2025-01-17T22:23:21-08:00,0,25
style.css,147,css,1e8f6f29,unknown,2025-01-17,22:23:21,-08:00,2025-01-17T22:23:21-08:00,0,18
style.css,148,css,1e8f6f29,unknown,2025-01-17,22:23:21,-08:00,2025-01-17T22:23:21-08:00,0,14
style.css,149,css,1e8f6f29,unknown,2025-01-17,22:23:21,-08:00,2025-01-17T22:23:21-08:00,0,0
style.css,150,css,1e8f6f29,unknown,2025-01-17,22:23:21,-08:00,2025-01-17T22:23:21-08:00,0,0
style.css,151,css,1e8f6f29,unknown,2025-01-17,22:23:21,-08:00,2025-01-17T22:23:21-08:00,0,8
style.css,152,css,1e8f6f29,unknown,2025-01-17,22:23:21,-08:00,2025-01-17T22:23:21-08:00,0,21
style.css,153,css,1e8f6f29,unknown,2025-01-17,22:23:21,-08:00,2025-01-17T22:23:21-08:00,0,54
style.css,154,css,1e8f6f29,unknown,2025-01-17,22:23:21,-08:00,2025-01-17T22:23:21-08:00,0,18
style.css,155,css,1e8f6f29,unknown,2025-01-17,22:23:21,-08:00,2025-01-17T22:23:21-08:00,0,0
style.css,156,css,242f67fb,unknown,2025-01-31,23:33:37,-08:00,2025-01-31T23:33:37-08:00,0,0
style.css,157,css,242f67fb,unknown,2025-01-31,23:33:37,-08:00,2025-01-31T23:33:37-08:00,0,0
style.css,158,css,242f67fb,unknown,2025-01-31,23:33:37,-08:00,2025-01-31T23:33:37-08:00,0,15
style.css,159,css,242f67fb,unknown,2025-01-31,23:33:37,-08:00,2025-01-31T23:33:37-08:00,0,40
style.css,160,css,242f67fb,unknown,2025-01-31,23:33:37,-08:00,2025-01-31T23:33:37-08:00,0,63
style.css,161,css,242f67fb,unknown,2025-01-31,23:33:37,-08:00,2025-01-31T23:33:37-08:00,0,49
style.css,162,css,242f67fb,unknown,2025-01-31,23:33:37,-08:00,2025-01-31T23:33:37-08:00,0,0
style.css,163,css,242f67fb,unknown,2025-01-31,23:33:37,-08:00,2025-01-31T23:33:37-08:00,0,0
style.css,164,css,242f67fb,unknown,2025-01-31,23:33:37,-08:00,2025-01-31T23:33:37-08:00,0,0
style.css,165,css,242f67fb,unknown,2025-01-31,23:33:37,-08:00,2025-01-31T23:33:37-08:00,0,26
style.css,166,css,242f67fb,unknown,2025-01-31,23:33:37,-08:00,2025-01-31T23:33:37-08:00,0,11
style.css,167,css,242f67fb,unknown,2025-01-31,23:33:37,-08:00,2025-01-31T23:33:37-08:00,0,17
style.css,168,css,242f67fb,unknown,2025-01-31,23:33:37,-08:00,2025-01-31T23:33:37-08:00,0,13
style.css,169,css,242f67fb,unknown,2025-01-31,23:33:37,-08:00,2025-01-31T23:33:37-08:00,0,23
style.css,170,css,242f67fb,unknown,2025-01-31,23:33:37,-08:00,2025-01-31T23:33:37-08:00,0,19
style.css,171,css,242f67fb,unknown,2025-01-31,23:33:37,-08:00,2025-01-31T23:33:37-08:00,0,0
style.css,172,css,242f67fb,unknown,2025-01-31,23:33:37,-08:00,2025-01-31T23:33:37-08:00,0,0
style.css,173,css,242f67fb,unknown,2025-01-31,23:33:37,-08:00,2025-01-31T23:33:37-08:00,0,27
style.css,174,css,242f67fb,unknown,2025-01-31,23:33:37,-08:00,2025-01-31T23:33:37-08:00,0,11
style.css,175,css,242f67fb,unknown,2025-01-31,23:33:37,-08:00,2025-01-31T23:33:37-08:00,0,26
style.css,176,css,242f67fb,unknown,2025-01-31,23:33:37,-08:00,2025-01-31T23:33:37-08:00,0,13
style.css,177,css,242f67fb,unknown,2025-01-31,23:33:37,-08:00,2025-01-31T23:33:37-08:00,0,23
style.css,178,css,242f67fb,unknown,2025-01-31,23:33:37,-08:00,2025-01-31T23:33:37-08:00,0,19
style.css,179,css,242f67fb,unknown,2025-01-31,23:33:37,-08:00,2025-01-31T23:33:37-08:00,0,0
style.css,180,css,242f67fb,unknown,2025-01-31,23:33:37,-08:00,2025-01-31T23:33:37-08:00,0,0
style.css,181,css,242f67fb,unknown,2025-01-31,23:33:37,-08:00,2025-01-31T23:33:37-08:00,0,0
style.css,182,css,242f67fb,unknown,2025-01-31,23:33:37,-08:00,2025-01-31T23:33:37-08:00,0,2
style.css,183,css,242f67fb,unknown,2025-01-31,23:33:37,-08:00,2025-01-31T23:33:37-08:00,0,25
style.css,184,css,242f67fb,unknown,2025-01-31,23:33:37,-08:00,2025-01-31T23:33:37-08:00,0,0
style.css,185,css,1442e9ca,unknown,2025-02-07,22:51:36,-08:00,2025-02-07T22:51:36-08:00,0,0
style.css,186,css,1442e9ca,unknown,2025-02-07,22:51:36,-08:00,2025-02-07T22:51:36-08:00,0,15
style.css,187,css,1442e9ca,unknown,2025-02-07,22:51:36,-08:00,2025-02-07T22:51:36-08:00,0,15
style.css,188,css,1442e9ca,unknown,2025-02-07,22:51:36,-08:00,2025-02-07T22:51:36-08:00,0,17
style.css,189,css,1442e9ca,unknown,2025-02-07,22:51:36,-08:00,2025-02-07T22:51:36-08:00,0,17
style.css,190,css,1442e9ca,unknown,2025-02-07,22:51:36,-08:00,2025-02-07T22:51:36-08:00,0,18
style.css,191,css,1442e9ca,unknown,2025-02-07,22:51:36,-08:00,2025-02-07T22:51:36-08:00,0,0
style.css,192,css,1442e9ca,unknown,2025-02-07,22:51:36,-08:00,2025-02-07T22:51:36-08:00,0,0
style.css,193,css,1442e9ca,unknown,2025-02-07,22:51:36,-08:00,2025-02-07T22:51:36-08:00,0,8
style.css,194,css,1442e9ca,unknown,2025-02-07,22:51:36,-08:00,2025-02-07T22:51:36-08:00,0,13
style.css,195,css,1442e9ca,unknown,2025-02-07,22:51:36,-08:00,2025-02-07T22:51:36-08:00,0,58
style.css,196,css,1442e9ca,unknown,2025-02-07,22:51:36,-08:00,2025-02-07T22:51:36-08:00,0,9
style.css,197,css,1442e9ca,unknown,2025-02-07,22:51:36,-08:00,2025-02-07T22:51:36-08:00,0,13
style.css,198,css,1442e9ca,unknown,2025-02-07,22:51:36,-08:00,2025-02-07T22:51:36-08:00,0,7
style.css,199,css,1442e9ca,unknown,2025-02-07,22:51:36,-08:00,2025-02-07T22:51:36-08:00,0,22
style.css,200,css,1442e9ca,unknown,2025-02-07,22:51:36,-08:00,2025-02-07T22:51:36-08:00,0,18
style.css,201,css,1442e9ca,unknown,2025-02-07,22:51:36,-08:00,2025-02-07T22:51:36-08:00,0,19
style.css,202,css,1442e9ca,unknown,2025-02-07,22:51:36,-08:00,2025-02-07T22:51:36-08:00,0,16
style.css,203,css,1442e9ca,unknown,2025-02-07,22:51:36,-08:00,2025-02-07T22:51:36-08:00,0,0
style.css,204,css,1442e9ca,unknown,2025-02-07,22:51:36,-08:00,2025-02-07T22:51:36-08:00,0,0
style.css,205,css,1442e9ca,unknown,2025-02-07,22:51:36,-08:00,2025-02-07T22:51:36-08:00,0,6
style.css,206,css,1442e9ca,unknown,2025-02-07,22:51:36,-08:00,2025-02-07T22:51:36-08:00,0,13
style.css,207,css,1442e9ca,unknown,2025-02-07,22:51:36,-08:00,2025-02-07T22:51:36-08:00,0,7
style.css,208,css,1442e9ca,unknown,2025-02-07,22:51:36,-08:00,2025-02-07T22:51:36-08:00,0,19
style.css,209,css,1442e9ca,unknown,2025-02-07,22:51:36,-08:00,2025-02-07T22:51:36-08:00,0,10
style.css,210,css,1442e9ca,unknown,2025-02-07,22:51:36,-08:00,2025-02-07T22:51:36-08:00,0,0
style.css,211,css,1442e9ca,unknown,2025-02-07,22:51:36,-08:00,2025-02-07T22:51:36-08:00,0,0
style.css,212,css,1442e9ca,unknown,2025-02-07,22:51:36,-08:00,2025-02-07T22:51:36-08:00,0,0
style.css,213,css,1442e9ca,unknown,2025-02-07,22:51:36,-08:00,2025-02-07T22:51:36-08:00,0,8
style.css,214,css,1442e9ca,unknown,2025-02-07,22:51:36,-08:00,2025-02-07T22:51:36-08:00,0,10
style.css,215,css,1442e9ca,unknown,2025-02-07,22:51:36,-08:00,2025-02-07T22:51:36-08:00,0,11
style.css,216,css,1442e9ca,unknown,2025-02-07,22:51:36,-08:00,2025-02-07T22:51:36-08:00,0,30
style.css,217,css,1442e9ca,unknown,2025-02-07,22:51:36,-08:00,2025-02-07T22:51:36-08:00,0,18
style.css,218,css,1442e9ca,unknown,2025-02-07,22:51:36,-08:00,2025-02-07T22:51:36-08:00,0,21
style.css,219,css,1442e9ca,unknown,2025-02-07,22:51:36,-08:00,2025-02-07T22:51:36-08:00,0,0
style.css,220,css,1442e9ca,unknown,2025-02-07,22:51:36,-08:00,2025-02-07T22:51:36-08:00,0,0
style.css,221,css,1442e9ca,unknown,2025-02-07,22:51:36,-08:00,2025-02-07T22:51:36-08:00,0,11
style.css,222,css,1442e9ca,unknown,2025-02-07,22:51:36,-08:00,2025-02-07T22:51:36-08:00,0,13
style.css,223,css,1442e9ca,unknown,2025-02-07,22:51:36,-08:00,2025-02-07T22:51:36-08:00,0,15
style.css,224,css,1442e9ca,unknown,2025-02-07,22:51:36,-08:00,2025-02-07T22:51:36-08:00,0,23
style.css,225,css,1442e9ca,unknown,2025-02-07,22:51:36,-08:00,2025-02-07T22:51:36-08:00,0,19
style.css,226,css,1442e9ca,unknown,2025-02-07,22:51:36,-08:00,2025-02-07T22:51:36-08:00,0,9
style.css,227,css,1442e9ca,unknown,2025-02-07,22:51:36,-08:00,2025-02-07T22:51:36-08:00,0,0
style.css,228,css,1442e9ca,unknown,2025-02-07,22:51:36,-08:00,2025-02-07T22:51:36-08:00,0,0
style.css,229,css,1442e9ca,unknown,2025-02-07,22:51:36,-08:00,2025-02-07T22:51:36-08:00,0,18
style.css,230,css,1442e9ca,unknown,2025-02-07,22:51:36,-08:00,2025-02-07T22:51:36-08:00,0,17
style.css,231,css,1442e9ca,unknown,2025-02-07,22:51:36,-08:00,2025-02-07T22:51:36-08:00,0,12
style.css,232,css,1442e9ca,unknown,2025-02-07,22:51:36,-08:00,2025-02-07T22:51:36-08:00,0,0
style.css,233,css,1442e9ca,unknown,2025-02-07,22:51:36,-08:00,2025-02-07T22:51:36-08:00,0,0
style.css,234,css,1442e9ca,unknown,2025-02-07,22:51:36,-08:00,2025-02-07T22:51:36-08:00,0,0
style.css,235,css,1442e9ca,unknown,2025-02-07,22:51:36,-08:00,2025-02-07T22:51:36-08:00,0,5
style.css,236,css,1442e9ca,unknown,2025-02-07,22:51:36,-08:00,2025-02-07T22:51:36-08:00,0,17
style.css,237,css,1442e9ca,unknown,2025-02-07,22:51:36,-08:00,2025-02-07T22:51:36-08:00,0,15
style.css,238,css,1442e9ca,unknown,2025-02-07,22:51:36,-08:00,2025-02-07T22:51:36-08:00,0,0
style.css,239,css,1442e9ca,unknown,2025-02-07,22:51:36,-08:00,2025-02-07T22:51:36-08:00,0,0
style.css,240,css,1442e9ca,unknown,2025-02-07,22:51:36,-08:00,2025-02-07T22:51:36-08:00,0,10
style.css,241,css,1442e9ca,unknown,2025-02-07,22:51:36,-08:00,2025-02-07T22:51:36-08:00,0,36
style.css,242,css,1442e9ca,unknown,2025-02-07,22:51:36,-08:00,2025-02-07T22:51:36-08:00,0,0
style.css,243,css,1442e9ca,unknown,2025-02-07,22:51:36,-08:00,2025-02-07T22:51:36-08:00,0,11
style.css,244,css,1442e9ca,unknown,2025-02-07,22:51:36,-08:00,2025-02-07T22:51:36-08:00,0,18
style.css,245,css,1442e9ca,unknown,2025-02-07,22:51:36,-08:00,2025-02-07T22:51:36-08:00,0,0
style.css,246,css,1442e9ca,unknown,2025-02-07,22:51:36,-08:00,2025-02-07T22:51:36-08:00,0,0
style.css,247,css,1442e9ca,unknown,2025-02-07,22:51:36,-08:00,2025-02-07T22:51:36-08:00,0,0
style.css,248,css,1442e9ca,unknown,2025-02-07,22:51:36,-08:00,2025-02-07T22:51:36-08:00,0,14
style.css,249,css,1442e9ca,unknown,2025-02-07,22:51:36,-08:00,2025-02-07T22:51:36-08:00,0,18
style.css,250,css,1442e9ca,unknown,2025-02-07,22:51:36,-08:00,2025-02-07T22:51:36-08:00,0,0
style.css,251,css,1442e9ca,unknown,2025-02-07,22:51:36,-08:00,2025-02-07T22:51:36-08:00,0,0
style.css,252,css,1442e9ca,unknown,2025-02-07,22:51:36,-08:00,2025-02-07T22:51:36-08:00,0,20
style.css,253,css,1442e9ca,unknown,2025-02-07,22:51:36,-08:00,2025-02-07T22:51:36-08:00,0,17
style.css,254,css,1442e9ca,unknown,2025-02-07,22:51:36,-08:00,2025-02-07T22:51:36-08:00,0,0
index.html,1,html,26dc0de4,unknown,2025-01-10,00:21:33,-08:00,2025-01-10T00:21:33-08:00,0,14
index.html,2,html,6d2d159b,unknown,2025-01-24,23:52:38,-08:00,2025-01-24T23:52:38-08:00,0,30
index.html,3,html,26dc0de4,unknown,2025-01-10,00:21:33,-08:00,2025-01-10T00:21:33-08:00,0,5
index.html,4,html,26dc0de4,unknown,2025-01-10,00:21:33,-08:00,2025-01-10T00:21:33-08:00,0,21
index.html,5,html,26dc0de4,unknown,2025-01-10,00:21:33,-08:00,2025-01-10T00:21:33-08:00,0,69
index.html,6,html,1e8f6f29,unknown,2025-01-17,22:23:21,-08:00,2025-01-17T22:23:21-08:00,0,0
index.html,7,html,242f67fb,unknown,2025-01-31,23:33:37,-08:00,2025-01-31T23:33:37-08:00,0,33
index.html,8,html,242f67fb,unknown,2025-01-31,23:33:37,-08:00,2025-01-31T23:33:37-08:00,0,0
index.html,9,html,242f67fb,unknown,2025-01-31,23:33:37,-08:00,2025-01-31T23:33:37-08:00,0,22
index.html,10,html,242f67fb,unknown,2025-01-31,23:33:37,-08:00,2025-01-31T23:33:37-08:00,0,24
index.html,11,html,242f67fb,unknown,2025-01-31,23:33:37,-08:00,2025-01-31T23:33:37-08:00,0,19
index.html,12,html,242f67fb,unknown,2025-01-31,23:33:37,-08:00,2025-01-31T23:33:37-08:00,0,53
index.html,13,html,242f67fb,unknown,2025-01-31,23:33:37,-08:00,2025-01-31T23:33:37-08:00,0,5
index.html,14,html,242f67fb,unknown,2025-01-31,23:33:37,-08:00,2025-01-31T23:33:37-08:00,0,25
index.html,15,html,242f67fb,unknown,2025-01-31,23:33:37,-08:00,2025-01-31T23:33:37-08:00,0,70
index.html,16,html,242f67fb,unknown,2025-01-31,23:33:37,-08:00,2025-01-31T23:33:37-08:00,0,5
index.html,17,html,242f67fb,unknown,2025-01-31,23:33:37,-08:00,2025-01-31T23:33:37-08:00,0,5
index.html,18,html,242f67fb,unknown,2025-01-31,23:33:37,-08:00,2025-01-31T23:33:37-08:00,0,0
index.html,19,html,dc6387ae,unknown,2025-01-10,01:01:39,-08:00,2025-01-10T01:01:39-08:00,0,42
index.html,20,html,6d2d159b,unknown,2025-01-24,23:52:38,-08:00,2025-01-24T23:52:38-08:00,0,46
index.html,21,html,242f67fb,unknown,2025-01-31,23:33:37,-08:00,2025-01-31T23:33:37-08:00,0,60
index.html,22,html,242f67fb,unknown,2025-01-31,23:33:37,-08:00,2025-01-31T23:33:37-08:00,0,0
index.html,23,html,26dc0de4,unknown,2025-01-10,00:21:33,-08:00,2025-01-10T00:21:33-08:00,0,6
index.html,24,html,26dc0de4,unknown,2025-01-10,00:21:33,-08:00,2025-01-10T00:21:33-08:00,0,5
index.html,25,html,242f67fb,unknown,2025-01-31,23:33:37,-08:00,2025-01-31T23:33:37-08:00,0,23
index.html,26,html,242f67fb,unknown,2025-01-31,23:33:37,-08:00,2025-01-31T23:33:37-08:00,0,21
index.html,27,html,242f67fb,unknown,2025-01-31,23:33:37,-08:00,2025-01-31T23:33:37-08:00,0,50
index.html,28,html,242f67fb,unknown,2025-01-31,23:33:37,-08:00,2025-01-31T23:33:37-08:00,0,5
index.html,29,html,930ec031,unknown,2025-01-10,18:32:34,-08:00,2025-01-10T18:32:34-08:00,0,0
index.html,30,html,242f67fb,unknown,2025-01-31,23:33:37,-08:00,2025-01-31T23:33:37-08:00,0,24
index.html,31,html,242f67fb,unknown,2025-01-31,23:33:37,-08:00,2025-01-31T23:33:37-08:00,0,23
index.html,32,html,242f67fb,unknown,2025-01-31,23:33:37,-08:00,2025-01-31T23:33:37-08:00,0,0
index.html,33,html,242f67fb,unknown,2025-01-31,23:33:37,-08:00,2025-01-31T23:33:37-08:00,0,5
index.html,34,html,26dc0de4,unknown,2025-01-10,00:21:33,-08:00,2025-01-10T00:21:33-08:00,0,6
index.html,35,html,26dc0de4,unknown,2025-01-10,00:21:33,-08:00,2025-01-10T00:21:33-08:00,0,6
global.js,1,js,6d2d159b,unknown,2025-01-24,23:52:38,-08:00,2025-01-24T23:52:38-08:00,0,26
global.js,2,js,6d2d159b,unknown,2025-01-24,23:52:38,-08:00,2025-01-24T23:52:38-08:00,0,0
global.js,3,js,6d2d159b,unknown,2025-01-24,23:52:38,-08:00,2025-01-24T23:52:38-08:00,0,42
global.js,4,js,6d2d159b,unknown,2025-01-24,23:52:38,-08:00,2025-01-24T23:52:38-08:00,0,53
global.js,5,js,6d2d159b,unknown,2025-01-24,23:52:38,-08:00,2025-01-24T23:52:38-08:00,0,0
global.js,6,js,6d2d159b,unknown,2025-01-24,23:52:38,-08:00,2025-01-24T23:52:38-08:00,0,0
global.js,7,js,6d2d159b,unknown,2025-01-24,23:52:38,-08:00,2025-01-24T23:52:38-08:00,0,28
global.js,8,js,6d2d159b,unknown,2025-01-24,23:52:38,-08:00,2025-01-24T23:52:38-08:00,0,0
global.js,9,js,6d2d159b,unknown,2025-01-24,23:52:38,-08:00,2025-01-24T23:52:38-08:00,0,34
global.js,10,js,6d2d159b,unknown,2025-01-24,23:52:38,-08:00,2025-01-24T23:52:38-08:00,0,73
global.js,11,js,6d2d159b,unknown,2025-01-24,23:52:38,-08:00,2025-01-24T23:52:38-08:00,0,6
global.js,12,js,6d2d159b,unknown,2025-01-24,23:52:38,-08:00,2025-01-24T23:52:38-08:00,0,0
global.js,13,js,6d2d159b,unknown,2025-01-24,23:52:38,-08:00,2025-01-24T23:52:38-08:00,0,40
global.js,14,js,6d2d159b,unknown,2025-01-24,23:52:38,-08:00,2025-01-24T23:52:38-08:00,0,0
global.js,15,js,6d2d159b,unknown,2025-01-24,23:52:38,-08:00,2025-01-24T23:52:38-08:00,0,12
global.js,16,js,6d2d159b,unknown,2025-01-24,23:52:38,-08:00,2025-01-24T23:52:38-08:00,0,26
global.js,17,js,6d2d159b,unknown,2025-01-24,23:52:38,-08:00,2025-01-24T23:52:38-08:00,0,39
global.js,18,js,6d2d159b,unknown,2025-01-24,23:52:38,-08:00,2025-01-24T23:52:38-08:00,0,35
global.js,19,js,6d2d159b,unknown,2025-01-24,23:52:38,-08:00,2025-01-24T23:52:38-08:00,0,59
global.js,20,js,00000000,Not Committed Yet,2025-02-14,16:31:49,-08:00,2025-02-14T16:31:49-08:00,0,31
global.js,21,js,6d2d159b,unknown,2025-01-24,23:52:38,-08:00,2025-01-24T23:52:38-08:00,0,37
global.js,22,js,6d2d159b,unknown,2025-01-24,23:52:38,-08:00,2025-01-24T23:52:38-08:00,0,1
global.js,23,js,6d2d159b,unknown,2025-01-24,23:52:38,-08:00,2025-01-24T23:52:38-08:00,0,0
global.js,24,js,6d2d159b,unknown,2025-01-24,23:52:38,-08:00,2025-01-24T23:52:38-08:00,0,71
global.js,25,js,6d2d159b,unknown,2025-01-24,23:52:38,-08:00,2025-01-24T23:52:38-08:00,0,0
global.js,26,js,6d2d159b,unknown,2025-01-24,23:52:38,-08:00,2025-01-24T23:52:38-08:00,0,0
global.js,27,js,6d2d159b,unknown,2025-01-24,23:52:38,-08:00,2025-01-24T23:52:38-08:00,0,39
global.js,28,js,6d2d159b,unknown,2025-01-24,23:52:38,-08:00,2025-01-24T23:52:38-08:00,0,26
global.js,29,js,6d2d159b,unknown,2025-01-24,23:52:38,-08:00,2025-01-24T23:52:38-08:00,0,0
global.js,30,js,6d2d159b,unknown,2025-01-24,23:52:38,-08:00,2025-01-24T23:52:38-08:00,0,0
global.js,31,js,6d2d159b,unknown,2025-01-24,23:52:38,-08:00,2025-01-24T23:52:38-08:00,0,21
global.js,32,js,6d2d159b,unknown,2025-01-24,23:52:38,-08:00,2025-01-24T23:52:38-08:00,0,15
global.js,33,js,6d2d159b,unknown,2025-01-24,23:52:38,-08:00,2025-01-24T23:52:38-08:00,0,19
global.js,34,js,6d2d159b,unknown,2025-01-24,23:52:38,-08:00,2025-01-24T23:52:38-08:00,0,36
global.js,35,js,6d2d159b,unknown,2025-01-24,23:52:38,-08:00,2025-01-24T23:52:38-08:00,0,65
global.js,36,js,6d2d159b,unknown,2025-01-24,23:52:38,-08:00,2025-01-24T23:52:38-08:00,0,0
global.js,37,js,6d2d159b,unknown,2025-01-24,23:52:38,-08:00,2025-01-24T23:52:38-08:00,0,35
global.js,38,js,6d2d159b,unknown,2025-01-24,23:52:38,-08:00,2025-01-24T23:52:38-08:00,0,12
global.js,39,js,6d2d159b,unknown,2025-01-24,23:52:38,-08:00,2025-01-24T23:52:38-08:00,0,21
global.js,40,js,6d2d159b,unknown,2025-01-24,23:52:38,-08:00,2025-01-24T23:52:38-08:00,0,13
global.js,41,js,6d2d159b,unknown,2025-01-24,23:52:38,-08:00,2025-01-24T23:52:38-08:00,0,0
global.js,42,js,6d2d159b,unknown,2025-01-24,23:52:38,-08:00,2025-01-24T23:52:38-08:00,0,0
global.js,43,js,6d2d159b,unknown,2025-01-24,23:52:38,-08:00,2025-01-24T23:52:38-08:00,0,18
global.js,44,js,6d2d159b,unknown,2025-01-24,23:52:38,-08:00,2025-01-24T23:52:38-08:00,0,9
global.js,45,js,6d2d159b,unknown,2025-01-24,23:52:38,-08:00,2025-01-24T23:52:38-08:00,0,59
global.js,46,js,6d2d159b,unknown,2025-01-24,23:52:38,-08:00,2025-01-24T23:52:38-08:00,0,1
global.js,47,js,6d2d159b,unknown,2025-01-24,23:52:38,-08:00,2025-01-24T23:52:38-08:00,0,0
global.js,48,js,6d2d159b,unknown,2025-01-24,23:52:38,-08:00,2025-01-24T23:52:38-08:00,0,30
global.js,49,js,6d2d159b,unknown,2025-01-24,23:52:38,-08:00,2025-01-24T23:52:38-08:00,0,19
global.js,50,js,6d2d159b,unknown,2025-01-24,23:52:38,-08:00,2025-01-24T23:52:38-08:00,0,0
global.js,51,js,6d2d159b,unknown,2025-01-24,23:52:38,-08:00,2025-01-24T23:52:38-08:00,0,0
global.js,52,js,6d2d159b,unknown,2025-01-24,23:52:38,-08:00,2025-01-24T23:52:38-08:00,0,0
global.js,53,js,6d2d159b,unknown,2025-01-24,23:52:38,-08:00,2025-01-24T23:52:38-08:00,0,32
global.js,54,js,6d2d159b,unknown,2025-01-24,23:52:38,-08:00,2025-01-24T23:52:38-08:00,0,12
global.js,55,js,6d2d159b,unknown,2025-01-24,23:52:38,-08:00,2025-01-24T23:52:38-08:00,0,0
global.js,56,js,6d2d159b,unknown,2025-01-24,23:52:38,-08:00,2025-01-24T23:52:38-08:00,0,27
global.js,57,js,6d2d159b,unknown,2025-01-24,23:52:38,-08:00,2025-01-24T23:52:38-08:00,0,5
global.js,58,js,6d2d159b,unknown,2025-01-24,23:52:38,-08:00,2025-01-24T23:52:38-08:00,0,27
global.js,59,js,6d2d159b,unknown,2025-01-24,23:52:38,-08:00,2025-01-24T23:52:38-08:00,0,44
global.js,60,js,6d2d159b,unknown,2025-01-24,23:52:38,-08:00,2025-01-24T23:52:38-08:00,0,35
global.js,61,js,6d2d159b,unknown,2025-01-24,23:52:38,-08:00,2025-01-24T23:52:38-08:00,0,33
global.js,62,js,6d2d159b,unknown,2025-01-24,23:52:38,-08:00,2025-01-24T23:52:38-08:00,0,8
global.js,63,js,6d2d159b,unknown,2025-01-24,23:52:38,-08:00,2025-01-24T23:52:38-08:00,0,7
global.js,64,js,6d2d159b,unknown,2025-01-24,23:52:38,-08:00,2025-01-24T23:52:38-08:00,0,0
global.js,65,js,6d2d159b,unknown,2025-01-24,23:52:38,-08:00,2025-01-24T23:52:38-08:00,0,1
global.js,66,js,6d2d159b,unknown,2025-01-24,23:52:38,-08:00,2025-01-24T23:52:38-08:00,0,0
global.js,67,js,6d2d159b,unknown,2025-01-24,23:52:38,-08:00,2025-01-24T23:52:38-08:00,0,61
global.js,68,js,6d2d159b,unknown,2025-01-24,23:52:38,-08:00,2025-01-24T23:52:38-08:00,0,0
global.js,69,js,6d2d159b,unknown,2025-01-24,23:52:38,-08:00,2025-01-24T23:52:38-08:00,0,50
global.js,70,js,6d2d159b,unknown,2025-01-24,23:52:38,-08:00,2025-01-24T23:52:38-08:00,0,58
global.js,71,js,6d2d159b,unknown,2025-01-24,23:52:38,-08:00,2025-01-24T23:52:38-08:00,0,78
global.js,72,js,6d2d159b,unknown,2025-01-24,23:52:38,-08:00,2025-01-24T23:52:38-08:00,0,2
global.js,73,js,6d2d159b,unknown,2025-01-24,23:52:38,-08:00,2025-01-24T23:52:38-08:00,0,0
global.js,74,js,6d2d159b,unknown,2025-01-24,23:52:38,-08:00,2025-01-24T23:52:38-08:00,0,50
global.js,75,js,6d2d159b,unknown,2025-01-24,23:52:38,-08:00,2025-01-24T23:52:38-08:00,0,41
global.js,76,js,6d2d159b,unknown,2025-01-24,23:52:38,-08:00,2025-01-24T23:52:38-08:00,0,0
global.js,77,js,6d2d159b,unknown,2025-01-24,23:52:38,-08:00,2025-01-24T23:52:38-08:00,0,41
global.js,78,js,6d2d159b,unknown,2025-01-24,23:52:38,-08:00,2025-01-24T23:52:38-08:00,0,0
global.js,79,js,6d2d159b,unknown,2025-01-24,23:52:38,-08:00,2025-01-24T23:52:38-08:00,0,30
global.js,80,js,6d2d159b,unknown,2025-01-24,23:52:38,-08:00,2025-01-24T23:52:38-08:00,0,2
global.js,81,js,6d2d159b,unknown,2025-01-24,23:52:38,-08:00,2025-01-24T23:52:38-08:00,0,0
global.js,82,js,6d2d159b,unknown,2025-01-24,23:52:38,-08:00,2025-01-24T23:52:38-08:00,0,35
global.js,83,js,6d2d159b,unknown,2025-01-24,23:52:38,-08:00,2025-01-24T23:52:38-08:00,0,44
global.js,84,js,6d2d159b,unknown,2025-01-24,23:52:38,-08:00,2025-01-24T23:52:38-08:00,0,27
global.js,85,js,6d2d159b,unknown,2025-01-24,23:52:38,-08:00,2025-01-24T23:52:38-08:00,0,26
global.js,86,js,6d2d159b,unknown,2025-01-24,23:52:38,-08:00,2025-01-24T23:52:38-08:00,0,0
global.js,87,js,6d2d159b,unknown,2025-01-24,23:52:38,-08:00,2025-01-24T23:52:38-08:00,0,0
global.js,88,js,6d2d159b,unknown,2025-01-24,23:52:38,-08:00,2025-01-24T23:52:38-08:00,0,37
global.js,89,js,6d2d159b,unknown,2025-01-24,23:52:38,-08:00,2025-01-24T23:52:38-08:00,0,71
global.js,90,js,6d2d159b,unknown,2025-01-24,23:52:38,-08:00,2025-01-24T23:52:38-08:00,0,0
global.js,91,js,6d2d159b,unknown,2025-01-24,23:52:38,-08:00,2025-01-24T23:52:38-08:00,0,0
global.js,92,js,242f67fb,unknown,2025-01-31,23:33:37,-08:00,2025-01-31T23:33:37-08:00,0,37
global.js,93,js,242f67fb,unknown,2025-01-31,23:33:37,-08:00,2025-01-31T23:33:37-08:00,0,4
global.js,94,js,242f67fb,unknown,2025-01-31,23:33:37,-08:00,2025-01-31T23:33:37-08:00,0,40
global.js,95,js,242f67fb,unknown,2025-01-31,23:33:37,-08:00,2025-01-31T23:33:37-08:00,0,33
global.js,96,js,242f67fb,unknown,2025-01-31,23:33:37,-08:00,2025-01-31T23:33:37-08:00,0,0
global.js,97,js,242f67fb,unknown,2025-01-31,23:33:37,-08:00,2025-01-31T23:33:37-08:00,0,18
global.js,98,js,242f67fb,unknown,2025-01-31,23:33:37,-08:00,2025-01-31T23:33:37-08:00,0,67
global.js,99,js,242f67fb,unknown,2025-01-31,23:33:37,-08:00,2025-01-31T23:33:37-08:00,0,0
global.js,100,js,242f67fb,unknown,2025-01-31,23:33:37,-08:00,2025-01-31T23:33:37-08:00,0,34
global.js,101,js,242f67fb,unknown,2025-01-31,23:33:37,-08:00,2025-01-31T23:33:37-08:00,0,11
global.js,102,js,242f67fb,unknown,2025-01-31,23:33:37,-08:00,2025-01-31T23:33:37-08:00,0,0
global.js,103,js,242f67fb,unknown,2025-01-31,23:33:37,-08:00,2025-01-31T23:33:37-08:00,0,16
global.js,104,js,242f67fb,unknown,2025-01-31,23:33:37,-08:00,2025-01-31T23:33:37-08:00,0,60
global.js,105,js,242f67fb,unknown,2025-01-31,23:33:37,-08:00,2025-01-31T23:33:37-08:00,0,0
global.js,106,js,242f67fb,unknown,2025-01-31,23:33:37,-08:00,2025-01-31T23:33:37-08:00,0,0
global.js,107,js,242f67fb,unknown,2025-01-31,23:33:37,-08:00,2025-01-31T23:33:37-08:00,0,0
global.js,108,js,242f67fb,unknown,2025-01-31,23:33:37,-08:00,2025-01-31T23:33:37-08:00,0,79
global.js,109,js,242f67fb,unknown,2025-01-31,23:33:37,-08:00,2025-01-31T23:33:37-08:00,0,24
global.js,110,js,242f67fb,unknown,2025-01-31,23:33:37,-08:00,2025-01-31T23:33:37-08:00,0,31
global.js,111,js,242f67fb,unknown,2025-01-31,23:33:37,-08:00,2025-01-31T23:33:37-08:00,0,0
global.js,112,js,242f67fb,unknown,2025-01-31,23:33:37,-08:00,2025-01-31T23:33:37-08:00,0,63
global.js,113,js,242f67fb,unknown,2025-01-31,23:33:37,-08:00,2025-01-31T23:33:37-08:00,0,0
global.js,114,js,242f67fb,unknown,2025-01-31,23:33:37,-08:00,2025-01-31T23:33:37-08:00,0,19
global.js,115,js,242f67fb,unknown,2025-01-31,23:33:37,-08:00,2025-01-31T23:33:37-08:00,0,54
global.js,116,js,242f67fb,unknown,2025-01-31,23:33:37,-08:00,2025-01-31T23:33:37-08:00,0,0
global.js,117,js,242f67fb,unknown,2025-01-31,23:33:37,-08:00,2025-01-31T23:33:37-08:00,0,0
global.js,118,js,242f67fb,unknown,2025-01-31,23:33:37,-08:00,2025-01-31T23:33:37-08:00,0,22
global.js,119,js,242f67fb,unknown,2025-01-31,23:33:37,-08:00,2025-01-31T23:33:37-08:00,0,42
global.js,120,js,242f67fb,unknown,2025-01-31,23:33:37,-08:00,2025-01-31T23:33:37-08:00,0,6
global.js,121,js,242f67fb,unknown,2025-01-31,23:33:37,-08:00,2025-01-31T23:33:37-08:00,0,0
global.js,122,js,242f67fb,unknown,2025-01-31,23:33:37,-08:00,2025-01-31T23:33:37-08:00,0,0
global.js,123,js,242f67fb,unknown,2025-01-31,23:33:37,-08:00,2025-01-31T23:33:37-08:00,0,58
global.js,124,js,242f67fb,unknown,2025-01-31,23:33:37,-08:00,2025-01-31T23:33:37-08:00,0,43
global.js,125,js,242f67fb,unknown,2025-01-31,23:33:37,-08:00,2025-01-31T23:33:37-08:00,0,39
global.js,126,js,242f67fb,unknown,2025-01-31,23:33:37,-08:00,2025-01-31T23:33:37-08:00,0,6
global.js,127,js,242f67fb,unknown,2025-01-31,23:33:37,-08:00,2025-01-31T23:33:37-08:00,0,0
global.js,128,js,6d2d159b,unknown,2025-01-24,23:52:38,-08:00,2025-01-24T23:52:38-08:00,0,0
global.js,129,js,242f67fb,unknown,2025-01-31,23:33:37,-08:00,2025-01-31T23:33:37-08:00,0,27
global.js,130,js,242f67fb,unknown,2025-01-31,23:33:37,-08:00,2025-01-31T23:33:37-08:00,0,49
global.js,131,js,6d2d159b,unknown,2025-01-24,23:52:38,-08:00,2025-01-24T23:52:38-08:00,0,0
global.js,132,js,242f67fb,unknown,2025-01-31,23:33:37,-08:00,2025-01-31T23:33:37-08:00,0,20
global.js,133,js,242f67fb,unknown,2025-01-31,23:33:37,-08:00,2025-01-31T23:33:37-08:00,0,24
global.js,134,js,242f67fb,unknown,2025-01-31,23:33:37,-08:00,2025-01-31T23:33:37-08:00,0,50
global.js,135,js,1442e9ca,unknown,2025-02-07,22:51:36,-08:00,2025-02-07T22:51:36-08:00,0,4
global.js,136,js,1442e9ca,unknown,2025-02-07,22:51:36,-08:00,2025-02-07T22:51:36-08:00,0,22
global.js,137,js,242f67fb,unknown,2025-01-31,23:33:37,-08:00,2025-01-31T23:33:37-08:00,0,28
global.js,138,js,1442e9ca,unknown,2025-02-07,22:51:36,-08:00,2025-02-07T22:51:36-08:00,0,5
global.js,139,js,242f67fb,unknown,2025-01-31,23:33:37,-08:00,2025-01-31T23:33:37-08:00,0,1
global.js,140,js,242f67fb,unknown,2025-01-31,23:33:37,-08:00,2025-01-31T23:33:37-08:00,0,0
global.js,141,js,242f67fb,unknown,2025-01-31,23:33:37,-08:00,2025-01-31T23:33:37-08:00,0,37
global.js,142,js,242f67fb,unknown,2025-01-31,23:33:37,-08:00,2025-01-31T23:33:37-08:00,0,0
global.js,143,js,242f67fb,unknown,2025-01-31,23:33:37,-08:00,2025-01-31T23:33:37-08:00,0,2
global.js,144,js,242f67fb,unknown,2025-01-31,23:33:37,-08:00,2025-01-31T23:33:37-08:00,0,0
global.js,145,js,242f67fb,unknown,2025-01-31,23:33:37,-08:00,2025-01-31T23:33:37-08:00,0,0
global.js,146,js,242f67fb,unknown,2025-01-31,23:33:37,-08:00,2025-01-31T23:33:37-08:00,0,0
global.js,147,js,242f67fb,unknown,2025-01-31,23:33:37,-08:00,2025-01-31T23:33:37-08:00,0,0
global.js,148,js,242f67fb,unknown,2025-01-31,23:33:37,-08:00,2025-01-31T23:33:37-08:00,0,48
global.js,149,js,242f67fb,unknown,2025-01-31,23:33:37,-08:00,2025-01-31T23:33:37-08:00,0,60
global.js,150,js,242f67fb,unknown,2025-01-31,23:33:37,-08:00,2025-01-31T23:33:37-08:00,0,0
resume\index.html,1,html,930ec031,unknown,2025-01-10,18:32:34,-08:00,2025-01-10T18:32:34-08:00,0,14
resume\index.html,2,html,930ec031,unknown,2025-01-10,18:32:34,-08:00,2025-01-10T18:32:34-08:00,0,15
resume\index.html,3,html,930ec031,unknown,2025-01-10,18:32:34,-08:00,2025-01-10T18:32:34-08:00,0,5
resume\index.html,4,html,1e8f6f29,unknown,2025-01-17,22:23:21,-08:00,2025-01-17T22:23:21-08:00,0,45
resume\index.html,5,html,6d2d159b,unknown,2025-01-24,23:52:38,-08:00,2025-01-24T23:52:38-08:00,0,49
resume\index.html,6,html,1e8f6f29,unknown,2025-01-17,22:23:21,-08:00,2025-01-17T22:23:21-08:00,0,0
resume\index.html,7,html,930ec031,unknown,2025-01-10,18:32:34,-08:00,2025-01-10T18:32:34-08:00,0,21
resume\index.html,8,html,930ec031,unknown,2025-01-10,18:32:34,-08:00,2025-01-10T18:32:34-08:00,0,69
resume\index.html,9,html,930ec031,unknown,2025-01-10,18:32:34,-08:00,2025-01-10T18:32:34-08:00,0,20
resume\index.html,10,html,6d2d159b,unknown,2025-01-24,23:52:38,-08:00,2025-01-24T23:52:38-08:00,0,0
resume\index.html,11,html,930ec031,unknown,2025-01-10,18:32:34,-08:00,2025-01-10T18:32:34-08:00,0,15
resume\index.html,12,html,930ec031,unknown,2025-01-10,18:32:34,-08:00,2025-01-10T18:32:34-08:00,0,6
resume\index.html,13,html,1e8f6f29,unknown,2025-01-17,22:23:21,-08:00,2025-01-17T22:23:21-08:00,0,20
resume\index.html,14,html,1e8f6f29,unknown,2025-01-17,22:23:21,-08:00,2025-01-17T22:23:21-08:00,0,8
resume\index.html,15,html,1e8f6f29,unknown,2025-01-17,22:23:21,-08:00,2025-01-17T22:23:21-08:00,0,16
resume\index.html,16,html,1e8f6f29,unknown,2025-01-17,22:23:21,-08:00,2025-01-17T22:23:21-08:00,0,69
resume\index.html,17,html,1e8f6f29,unknown,2025-01-17,22:23:21,-08:00,2025-01-17T22:23:21-08:00,0,9
resume\index.html,18,html,1e8f6f29,unknown,2025-01-17,22:23:21,-08:00,2025-01-17T22:23:21-08:00,0,0
resume\index.html,19,html,930ec031,unknown,2025-01-10,18:32:34,-08:00,2025-01-10T18:32:34-08:00,0,8
resume\index.html,20,html,930ec031,unknown,2025-01-10,18:32:34,-08:00,2025-01-10T18:32:34-08:00,0,7
resume\index.html,21,html,930ec031,unknown,2025-01-10,18:32:34,-08:00,2025-01-10T18:32:34-08:00,0,16
resume\index.html,22,html,930ec031,unknown,2025-01-10,18:32:34,-08:00,2025-01-10T18:32:34-08:00,0,8
resume\index.html,23,html,930ec031,unknown,2025-01-10,18:32:34,-08:00,2025-01-10T18:32:34-08:00,0,2
resume\index.html,24,html,930ec031,unknown,2025-01-10,18:32:34,-08:00,2025-01-10T18:32:34-08:00,0,135
resume\index.html,25,html,930ec031,unknown,2025-01-10,18:32:34,-08:00,2025-01-10T18:32:34-08:00,0,113
resume\index.html,26,html,930ec031,unknown,2025-01-10,18:32:34,-08:00,2025-01-10T18:32:34-08:00,0,60
resume\index.html,27,html,930ec031,unknown,2025-01-10,18:32:34,-08:00,2025-01-10T18:32:34-08:00,0,3
resume\index.html,28,html,930ec031,unknown,2025-01-10,18:32:34,-08:00,2025-01-10T18:32:34-08:00,0,9
resume\index.html,29,html,930ec031,unknown,2025-01-10,18:32:34,-08:00,2025-01-10T18:32:34-08:00,0,0
resume\index.html,30,html,930ec031,unknown,2025-01-10,18:32:34,-08:00,2025-01-10T18:32:34-08:00,0,0
resume\index.html,31,html,930ec031,unknown,2025-01-10,18:32:34,-08:00,2025-01-10T18:32:34-08:00,0,0
resume\index.html,32,html,930ec031,unknown,2025-01-10,18:32:34,-08:00,2025-01-10T18:32:34-08:00,0,8
resume\index.html,33,html,930ec031,unknown,2025-01-10,18:32:34,-08:00,2025-01-10T18:32:34-08:00,0,7
resume\index.html,34,html,930ec031,unknown,2025-01-10,18:32:34,-08:00,2025-01-10T18:32:34-08:00,0,17
resume\index.html,35,html,930ec031,unknown,2025-01-10,18:32:34,-08:00,2025-01-10T18:32:34-08:00,0,8
resume\index.html,36,html,930ec031,unknown,2025-01-10,18:32:34,-08:00,2025-01-10T18:32:34-08:00,0,42
resume\index.html,37,html,930ec031,unknown,2025-01-10,18:32:34,-08:00,2025-01-10T18:32:34-08:00,0,0
resume\index.html,38,html,930ec031,unknown,2025-01-10,18:32:34,-08:00,2025-01-10T18:32:34-08:00,0,2
resume\index.html,39,html,930ec031,unknown,2025-01-10,18:32:34,-08:00,2025-01-10T18:32:34-08:00,0,19
resume\index.html,40,html,930ec031,unknown,2025-01-10,18:32:34,-08:00,2025-01-10T18:32:34-08:00,0,40
resume\index.html,41,html,930ec031,unknown,2025-01-10,18:32:34,-08:00,2025-01-10T18:32:34-08:00,0,3
resume\index.html,42,html,930ec031,unknown,2025-01-10,18:32:34,-08:00,2025-01-10T18:32:34-08:00,0,3
resume\index.html,43,html,930ec031,unknown,2025-01-10,18:32:34,-08:00,2025-01-10T18:32:34-08:00,0,20
resume\index.html,44,html,930ec031,unknown,2025-01-10,18:32:34,-08:00,2025-01-10T18:32:34-08:00,0,95
resume\index.html,45,html,930ec031,unknown,2025-01-10,18:32:34,-08:00,2025-01-10T18:32:34-08:00,0,102
resume\index.html,46,html,930ec031,unknown,2025-01-10,18:32:34,-08:00,2025-01-10T18:32:34-08:00,0,4
resume\index.html,47,html,930ec031,unknown,2025-01-10,18:32:34,-08:00,2025-01-10T18:32:34-08:00,0,9
resume\index.html,48,html,930ec031,unknown,2025-01-10,18:32:34,-08:00,2025-01-10T18:32:34-08:00,0,0
resume\index.html,49,html,930ec031,unknown,2025-01-10,18:32:34,-08:00,2025-01-10T18:32:34-08:00,0,8
resume\index.html,50,html,930ec031,unknown,2025-01-10,18:32:34,-08:00,2025-01-10T18:32:34-08:00,0,7
resume\index.html,51,html,930ec031,unknown,2025-01-10,18:32:34,-08:00,2025-01-10T18:32:34-08:00,0,14
resume\index.html,52,html,930ec031,unknown,2025-01-10,18:32:34,-08:00,2025-01-10T18:32:34-08:00,0,8
resume\index.html,53,html,930ec031,unknown,2025-01-10,18:32:34,-08:00,2025-01-10T18:32:34-08:00,0,2
resume\index.html,54,html,930ec031,unknown,2025-01-10,18:32:34,-08:00,2025-01-10T18:32:34-08:00,0,86
resume\index.html,55,html,930ec031,unknown,2025-01-10,18:32:34,-08:00,2025-01-10T18:32:34-08:00,0,3
resume\index.html,56,html,930ec031,unknown,2025-01-10,18:32:34,-08:00,2025-01-10T18:32:34-08:00,0,2
resume\index.html,57,html,930ec031,unknown,2025-01-10,18:32:34,-08:00,2025-01-10T18:32:34-08:00,0,65
resume\index.html,58,html,930ec031,unknown,2025-01-10,18:32:34,-08:00,2025-01-10T18:32:34-08:00,0,3
resume\index.html,59,html,930ec031,unknown,2025-01-10,18:32:34,-08:00,2025-01-10T18:32:34-08:00,0,2
resume\index.html,60,html,930ec031,unknown,2025-01-10,18:32:34,-08:00,2025-01-10T18:32:34-08:00,0,101
resume\index.html,61,html,930ec031,unknown,2025-01-10,18:32:34,-08:00,2025-01-10T18:32:34-08:00,0,3
resume\index.html,62,html,930ec031,unknown,2025-01-10,18:32:34,-08:00,2025-01-10T18:32:34-08:00,0,9
resume\index.html,63,html,930ec031,unknown,2025-01-10,18:32:34,-08:00,2025-01-10T18:32:34-08:00,0,0
resume\index.html,64,html,930ec031,unknown,2025-01-10,18:32:34,-08:00,2025-01-10T18:32:34-08:00,0,8
resume\index.html,65,html,930ec031,unknown,2025-01-10,18:32:34,-08:00,2025-01-10T18:32:34-08:00,0,7
resume\index.html,66,html,930ec031,unknown,2025-01-10,18:32:34,-08:00,2025-01-10T18:32:34-08:00,0,18
resume\index.html,67,html,930ec031,unknown,2025-01-10,18:32:34,-08:00,2025-01-10T18:32:34-08:00,0,8
resume\index.html,68,html,930ec031,unknown,2025-01-10,18:32:34,-08:00,2025-01-10T18:32:34-08:00,0,41
resume\index.html,69,html,930ec031,unknown,2025-01-10,18:32:34,-08:00,2025-01-10T18:32:34-08:00,0,0
resume\index.html,70,html,930ec031,unknown,2025-01-10,18:32:34,-08:00,2025-01-10T18:32:34-08:00,0,2
resume\index.html,71,html,930ec031,unknown,2025-01-10,18:32:34,-08:00,2025-01-10T18:32:34-08:00,0,0
resume\index.html,72,html,930ec031,unknown,2025-01-10,18:32:34,-08:00,2025-01-10T18:32:34-08:00,0,39
resume\index.html,73,html,930ec031,unknown,2025-01-10,18:32:34,-08:00,2025-01-10T18:32:34-08:00,0,9
resume\index.html,74,html,930ec031,unknown,2025-01-10,18:32:34,-08:00,2025-01-10T18:32:34-08:00,0,3
resume\index.html,75,html,930ec031,unknown,2025-01-10,18:32:34,-08:00,2025-01-10T18:32:34-08:00,0,3
resume\index.html,76,html,930ec031,unknown,2025-01-10,18:32:34,-08:00,2025-01-10T18:32:34-08:00,0,95
resume\index.html,77,html,930ec031,unknown,2025-01-10,18:32:34,-08:00,2025-01-10T18:32:34-08:00,0,121
resume\index.html,78,html,930ec031,unknown,2025-01-10,18:32:34,-08:00,2025-01-10T18:32:34-08:00,0,102
resume\index.html,79,html,930ec031,unknown,2025-01-10,18:32:34,-08:00,2025-01-10T18:32:34-08:00,0,4
resume\index.html,80,html,930ec031,unknown,2025-01-10,18:32:34,-08:00,2025-01-10T18:32:34-08:00,0,9
resume\index.html,81,html,930ec031,unknown,2025-01-10,18:32:34,-08:00,2025-01-10T18:32:34-08:00,0,0
resume\index.html,82,html,930ec031,unknown,2025-01-10,18:32:34,-08:00,2025-01-10T18:32:34-08:00,0,6
resume\index.html,83,html,930ec031,unknown,2025-01-10,18:32:34,-08:00,2025-01-10T18:32:34-08:00,0,6
projects\projects.js,1,js,242f67fb,unknown,2025-01-31,23:33:37,-08:00,2025-01-31T23:33:37-08:00,0,56
projects\projects.js,2,js,1442e9ca,unknown,2025-02-07,22:51:36,-08:00,2025-02-07T22:51:36-08:00,0,64
projects\projects.js,3,js,1442e9ca,unknown,2025-02-07,22:51:36,-08:00,2025-02-07T22:51:36-08:00,0,0
projects\projects.js,4,js,242f67fb,unknown,2025-01-31,23:33:37,-08:00,2025-01-31T23:33:37-08:00,0,0
projects\projects.js,5,js,242f67fb,unknown,2025-01-31,23:33:37,-08:00,2025-01-31T23:33:37-08:00,0,56
projects\projects.js,6,js,242f67fb,unknown,2025-01-31,23:33:37,-08:00,2025-01-31T23:33:37-08:00,0,0
projects\projects.js,7,js,242f67fb,unknown,2025-01-31,23:33:37,-08:00,2025-01-31T23:33:37-08:00,0,61
projects\projects.js,8,js,242f67fb,unknown,2025-01-31,23:33:37,-08:00,2025-01-31T23:33:37-08:00,0,0
projects\projects.js,9,js,242f67fb,unknown,2025-01-31,23:33:37,-08:00,2025-01-31T23:33:37-08:00,0,49
projects\projects.js,10,js,1442e9ca,unknown,2025-02-07,22:51:36,-08:00,2025-02-07T22:51:36-08:00,0,0
projects\projects.js,11,js,1442e9ca,unknown,2025-02-07,22:51:36,-08:00,2025-02-07T22:51:36-08:00,0,22
projects\projects.js,12,js,7e4d1655,unknown,2025-02-07,23:33:53,-08:00,2025-02-07T23:33:53-08:00,0,14
projects\projects.js,13,js,1442e9ca,unknown,2025-02-07,22:51:36,-08:00,2025-02-07T22:51:36-08:00,0,0
projects\projects.js,14,js,1442e9ca,unknown,2025-02-07,22:51:36,-08:00,2025-02-07T22:51:36-08:00,0,41
projects\projects.js,15,js,1442e9ca,unknown,2025-02-07,22:51:36,-08:00,2025-02-07T22:51:36-08:00,0,39
projects\projects.js,16,js,1442e9ca,unknown,2025-02-07,22:51:36,-08:00,2025-02-07T22:51:36-08:00,0,43
projects\projects.js,17,js,1442e9ca,unknown,2025-02-07,22:51:36,-08:00,2025-02-07T22:51:36-08:00,0,29
projects\projects.js,18,js,1442e9ca,unknown,2025-02-07,22:51:36,-08:00,2025-02-07T22:51:36-08:00,0,0
projects\projects.js,19,js,1442e9ca,unknown,2025-02-07,22:51:36,-08:00,2025-02-07T22:51:36-08:00,0,30
projects\projects.js,20,js,1442e9ca,unknown,2025-02-07,22:51:36,-08:00,2025-02-07T22:51:36-08:00,0,13
projects\projects.js,21,js,1442e9ca,unknown,2025-02-07,22:51:36,-08:00,2025-02-07T22:51:36-08:00,0,15
projects\projects.js,22,js,1442e9ca,unknown,2025-02-07,22:51:36,-08:00,2025-02-07T22:51:36-08:00,0,13
projects\projects.js,23,js,1442e9ca,unknown,2025-02-07,22:51:36,-08:00,2025-02-07T22:51:36-08:00,0,1
projects\projects.js,24,js,1442e9ca,unknown,2025-02-07,22:51:36,-08:00,2025-02-07T22:51:36-08:00,0,0
projects\projects.js,25,js,1442e9ca,unknown,2025-02-07,22:51:36,-08:00,2025-02-07T22:51:36-08:00,0,48
projects\projects.js,26,js,1442e9ca,unknown,2025-02-07,22:51:36,-08:00,2025-02-07T22:51:36-08:00,0,36
projects\projects.js,27,js,1442e9ca,unknown,2025-02-07,22:51:36,-08:00,2025-02-07T22:51:36-08:00,0,2
projects\projects.js,28,js,1442e9ca,unknown,2025-02-07,22:51:36,-08:00,2025-02-07T22:51:36-08:00,0,0
projects\projects.js,29,js,1442e9ca,unknown,2025-02-07,22:51:36,-08:00,2025-02-07T22:51:36-08:00,0,54
projects\projects.js,30,js,1442e9ca,unknown,2025-02-07,22:51:36,-08:00,2025-02-07T22:51:36-08:00,0,40
projects\projects.js,31,js,1442e9ca,unknown,2025-02-07,22:51:36,-08:00,2025-02-07T22:51:36-08:00,0,48
projects\projects.js,32,js,1442e9ca,unknown,2025-02-07,22:51:36,-08:00,2025-02-07T22:51:36-08:00,0,58
projects\projects.js,33,js,7e4d1655,unknown,2025-02-07,23:33:53,-08:00,2025-02-07T23:33:53-08:00,0,26
projects\projects.js,34,js,7e4d1655,unknown,2025-02-07,23:33:53,-08:00,2025-02-07T23:33:53-08:00,0,0
projects\projects.js,35,js,1442e9ca,unknown,2025-02-07,22:51:36,-08:00,2025-02-07T22:51:36-08:00,0,52
projects\projects.js,36,js,7e4d1655,unknown,2025-02-07,23:33:53,-08:00,2025-02-07T23:33:53-08:00,0,0
projects\projects.js,37,js,1442e9ca,unknown,2025-02-07,22:51:36,-08:00,2025-02-07T22:51:36-08:00,0,0
projects\projects.js,38,js,1442e9ca,unknown,2025-02-07,22:51:36,-08:00,2025-02-07T22:51:36-08:00,0,30
projects\projects.js,39,js,1442e9ca,unknown,2025-02-07,22:51:36,-08:00,2025-02-07T22:51:36-08:00,0,17
projects\projects.js,40,js,1442e9ca,unknown,2025-02-07,22:51:36,-08:00,2025-02-07T22:51:36-08:00,0,14
projects\projects.js,41,js,1442e9ca,unknown,2025-02-07,22:51:36,-08:00,2025-02-07T22:51:36-08:00,0,25
projects\projects.js,42,js,1442e9ca,unknown,2025-02-07,22:51:36,-08:00,2025-02-07T22:51:36-08:00,0,19
projects\projects.js,43,js,1442e9ca,unknown,2025-02-07,22:51:36,-08:00,2025-02-07T22:51:36-08:00,0,48
projects\projects.js,44,js,1442e9ca,unknown,2025-02-07,22:51:36,-08:00,2025-02-07T22:51:36-08:00,0,0
projects\projects.js,45,js,7e4d1655,unknown,2025-02-07,23:33:53,-08:00,2025-02-07T23:33:53-08:00,0,0
projects\projects.js,46,js,1442e9ca,unknown,2025-02-07,22:51:36,-08:00,2025-02-07T22:51:36-08:00,0,26
projects\projects.js,47,js,7e4d1655,unknown,2025-02-07,23:33:53,-08:00,2025-02-07T23:33:53-08:00,0,16
projects\projects.js,48,js,1442e9ca,unknown,2025-02-07,22:51:36,-08:00,2025-02-07T22:51:36-08:00,0,2
projects\projects.js,49,js,1442e9ca,unknown,2025-02-07,22:51:36,-08:00,2025-02-07T22:51:36-08:00,0,2
projects\projects.js,50,js,1442e9ca,unknown,2025-02-07,22:51:36,-08:00,2025-02-07T22:51:36-08:00,0,0
projects\projects.js,51,js,1442e9ca,unknown,2025-02-07,22:51:36,-08:00,2025-02-07T22:51:36-08:00,0,33
projects\projects.js,52,js,1442e9ca,unknown,2025-02-07,22:51:36,-08:00,2025-02-07T22:51:36-08:00,0,25
projects\projects.js,53,js,1442e9ca,unknown,2025-02-07,22:51:36,-08:00,2025-02-07T22:51:36-08:00,0,18
projects\projects.js,54,js,1442e9ca,unknown,2025-02-07,22:51:36,-08:00,2025-02-07T22:51:36-08:00,0,94
projects\projects.js,55,js,1442e9ca,unknown,2025-02-07,22:51:36,-08:00,2025-02-07T22:51:36-08:00,0,22
projects\projects.js,56,js,1442e9ca,unknown,2025-02-07,22:51:36,-08:00,2025-02-07T22:51:36-08:00,0,69
projects\projects.js,57,js,1442e9ca,unknown,2025-02-07,22:51:36,-08:00,2025-02-07T22:51:36-08:00,0,26
projects\projects.js,58,js,1442e9ca,unknown,2025-02-07,22:51:36,-08:00,2025-02-07T22:51:36-08:00,0,25
projects\projects.js,59,js,7e4d1655,unknown,2025-02-07,23:33:53,-08:00,2025-02-07T23:33:53-08:00,0,48
projects\projects.js,60,js,7e4d1655,unknown,2025-02-07,23:33:53,-08:00,2025-02-07T23:33:53-08:00,0,0
projects\projects.js,61,js,7e4d1655,unknown,2025-02-07,23:33:53,-08:00,2025-02-07T23:33:53-08:00,0,26
projects\projects.js,62,js,7e4d1655,unknown,2025-02-07,23:33:53,-08:00,2025-02-07T23:33:53-08:00,0,16
projects\projects.js,63,js,1442e9ca,unknown,2025-02-07,22:51:36,-08:00,2025-02-07T22:51:36-08:00,0,2
projects\projects.js,64,js,1442e9ca,unknown,2025-02-07,22:51:36,-08:00,2025-02-07T22:51:36-08:00,0,2
projects\projects.js,65,js,1442e9ca,unknown,2025-02-07,22:51:36,-08:00,2025-02-07T22:51:36-08:00,0,0
projects\projects.js,66,js,7e4d1655,unknown,2025-02-07,23:33:53,-08:00,2025-02-07T23:33:53-08:00,0,26
projects\projects.js,67,js,1442e9ca,unknown,2025-02-07,22:51:36,-08:00,2025-02-07T22:51:36-08:00,0,0
projects\projects.js,68,js,7e4d1655,unknown,2025-02-07,23:33:53,-08:00,2025-02-07T23:33:53-08:00,0,0
projects\projects.js,69,js,1442e9ca,unknown,2025-02-07,22:51:36,-08:00,2025-02-07T22:51:36-08:00,0,0
projects\projects.js,70,js,1442e9ca,unknown,2025-02-07,22:51:36,-08:00,2025-02-07T22:51:36-08:00,0,36
projects\projects.js,71,js,1442e9ca,unknown,2025-02-07,22:51:36,-08:00,2025-02-07T22:51:36-08:00,0,19
projects\projects.js,72,js,1442e9ca,unknown,2025-02-07,22:51:36,-08:00,2025-02-07T22:51:36-08:00,0,71
projects\projects.js,73,js,1442e9ca,unknown,2025-02-07,22:51:36,-08:00,2025-02-07T22:51:36-08:00,0,0
projects\projects.js,74,js,1442e9ca,unknown,2025-02-07,22:51:36,-08:00,2025-02-07T22:51:36-08:00,0,25
projects\projects.js,75,js,1442e9ca,unknown,2025-02-07,22:51:36,-08:00,2025-02-07T22:51:36-08:00,0,71
projects\projects.js,76,js,1442e9ca,unknown,2025-02-07,22:51:36,-08:00,2025-02-07T22:51:36-08:00,0,0
projects\projects.js,77,js,1442e9ca,unknown,2025-02-07,22:51:36,-08:00,2025-02-07T22:51:36-08:00,0,0
projects\projects.js,78,js,7e4d1655,unknown,2025-02-07,23:33:53,-08:00,2025-02-07T23:33:53-08:00,0,26
projects\projects.js,79,js,1442e9ca,unknown,2025-02-07,22:51:36,-08:00,2025-02-07T22:51:36-08:00,0,0
projects\projects.js,80,js,7e4d1655,unknown,2025-02-07,23:33:53,-08:00,2025-02-07T23:33:53-08:00,0,31
projects\projects.js,81,js,7e4d1655,unknown,2025-02-07,23:33:53,-08:00,2025-02-07T23:33:53-08:00,0,0
projects\projects.js,82,js,7e4d1655,unknown,2025-02-07,23:33:53,-08:00,2025-02-07T23:33:53-08:00,0,13
projects\projects.js,83,js,7e4d1655,unknown,2025-02-07,23:33:53,-08:00,2025-02-07T23:33:53-08:00,0,22
projects\projects.js,84,js,7e4d1655,unknown,2025-02-07,23:33:53,-08:00,2025-02-07T23:33:53-08:00,0,56
projects\projects.js,85,js,7e4d1655,unknown,2025-02-07,23:33:53,-08:00,2025-02-07T23:33:53-08:00,0,60
projects\projects.js,86,js,7e4d1655,unknown,2025-02-07,23:33:53,-08:00,2025-02-07T23:33:53-08:00,0,43
projects\projects.js,87,js,7e4d1655,unknown,2025-02-07,23:33:53,-08:00,2025-02-07T23:33:53-08:00,0,2
projects\projects.js,88,js,7e4d1655,unknown,2025-02-07,23:33:53,-08:00,2025-02-07T23:33:53-08:00,0,0
projects\projects.js,89,js,7e4d1655,unknown,2025-02-07,23:33:53,-08:00,2025-02-07T23:33:53-08:00,0,0
projects\projects.js,90,js,7e4d1655,unknown,2025-02-07,23:33:53,-08:00,2025-02-07T23:33:53-08:00,0,23
projects\projects.js,91,js,7e4d1655,unknown,2025-02-07,23:33:53,-08:00,2025-02-07T23:33:53-08:00,0,26
projects\projects.js,92,js,7e4d1655,unknown,2025-02-07,23:33:53,-08:00,2025-02-07T23:33:53-08:00,0,62
projects\projects.js,93,js,7e4d1655,unknown,2025-02-07,23:33:53,-08:00,2025-02-07T23:33:53-08:00,0,56
projects\projects.js,94,js,1442e9ca,unknown,2025-02-07,22:51:36,-08:00,2025-02-07T22:51:36-08:00,0,0
projects\projects.js,95,js,7e4d1655,unknown,2025-02-07,23:33:53,-08:00,2025-02-07T23:33:53-08:00,0,45
projects\projects.js,96,js,7e4d1655,unknown,2025-02-07,23:33:53,-08:00,2025-02-07T23:33:53-08:00,0,83
projects\projects.js,97,js,1442e9ca,unknown,2025-02-07,22:51:36,-08:00,2025-02-07T22:51:36-08:00,0,0
projects\projects.js,98,js,7e4d1655,unknown,2025-02-07,23:33:53,-08:00,2025-02-07T23:33:53-08:00,0,0
projects\projects.js,99,js,7e4d1655,unknown,2025-02-07,23:33:53,-08:00,2025-02-07T23:33:53-08:00,0,57
projects\projects.js,100,js,1442e9ca,unknown,2025-02-07,22:51:36,-08:00,2025-02-07T22:51:36-08:00,0,0
projects\projects.js,101,js,7e4d1655,unknown,2025-02-07,23:33:53,-08:00,2025-02-07T23:33:53-08:00,0,0
projects\projects.js,102,js,1442e9ca,unknown,2025-02-07,22:51:36,-08:00,2025-02-07T22:51:36-08:00,0,24
projects\projects.js,103,js,1442e9ca,unknown,2025-02-07,22:51:36,-08:00,2025-02-07T22:51:36-08:00,0,0
projects\projects.js,104,js,7e4d1655,unknown,2025-02-07,23:33:53,-08:00,2025-02-07T23:33:53-08:00,0,54
projects\projects.js,105,js,7e4d1655,unknown,2025-02-07,23:33:53,-08:00,2025-02-07T23:33:53-08:00,0,49
projects\projects.js,106,js,7e4d1655,unknown,2025-02-07,23:33:53,-08:00,2025-02-07T23:33:53-08:00,0,26
projects\projects.js,107,js,7e4d1655,unknown,2025-02-07,23:33:53,-08:00,2025-02-07T23:33:53-08:00,0,16
projects\projects.js,108,js,7e4d1655,unknown,2025-02-07,23:33:53,-08:00,2025-02-07T23:33:53-08:00,0,2
projects\index.js,1,js,f7b69de5,unknown,2025-01-31,23:40:21,-08:00,2025-01-31T23:40:21-08:00,0,72
projects\index.js,2,js,242f67fb,unknown,2025-01-31,23:33:37,-08:00,2025-01-31T23:33:37-08:00,0,0
projects\index.js,3,js,437cef8e,unknown,2025-01-31,23:53:56,-08:00,2025-01-31T23:53:56-08:00,0,53
projects\index.js,4,js,242f67fb,unknown,2025-01-31,23:33:37,-08:00,2025-01-31T23:33:37-08:00,0,43
projects\index.js,5,js,242f67fb,unknown,2025-01-31,23:33:37,-08:00,2025-01-31T23:33:37-08:00,0,61
projects\index.js,6,js,242f67fb,unknown,2025-01-31,23:33:37,-08:00,2025-01-31T23:33:37-08:00,0,0
projects\index.js,7,js,242f67fb,unknown,2025-01-31,23:33:37,-08:00,2025-01-31T23:33:37-08:00,0,55
projects\index.js,8,js,242f67fb,unknown,2025-01-31,23:33:37,-08:00,2025-01-31T23:33:37-08:00,0,0
projects\index.js,9,js,242f67fb,unknown,2025-01-31,23:33:37,-08:00,2025-01-31T23:33:37-08:00,0,54
projects\index.js,10,js,242f67fb,unknown,2025-01-31,23:33:37,-08:00,2025-01-31T23:33:37-08:00,0,61
projects\index.js,11,js,242f67fb,unknown,2025-01-31,23:33:37,-08:00,2025-01-31T23:33:37-08:00,0,0
projects\index.js,12,js,242f67fb,unknown,2025-01-31,23:33:37,-08:00,2025-01-31T23:33:37-08:00,0,18
projects\index.js,13,js,242f67fb,unknown,2025-01-31,23:33:37,-08:00,2025-01-31T23:33:37-08:00,0,25
projects\index.js,14,js,242f67fb,unknown,2025-01-31,23:33:37,-08:00,2025-01-31T23:33:37-08:00,0,97
projects\index.js,15,js,242f67fb,unknown,2025-01-31,23:33:37,-08:00,2025-01-31T23:33:37-08:00,0,97
projects\index.js,16,js,242f67fb,unknown,2025-01-31,23:33:37,-08:00,2025-01-31T23:33:37-08:00,0,91
projects\index.js,17,js,242f67fb,unknown,2025-01-31,23:33:37,-08:00,2025-01-31T23:33:37-08:00,0,91
projects\index.js,18,js,242f67fb,unknown,2025-01-31,23:33:37,-08:00,2025-01-31T23:33:37-08:00,0,1
projects\index.js,19,js,242f67fb,unknown,2025-01-31,23:33:37,-08:00,2025-01-31T23:33:37-08:00,0,0
projects\index.html,1,html,930ec031,unknown,2025-01-10,18:32:34,-08:00,2025-01-10T18:32:34-08:00,0,14
projects\index.html,2,html,930ec031,unknown,2025-01-10,18:32:34,-08:00,2025-01-10T18:32:34-08:00,0,15
projects\index.html,3,html,930ec031,unknown,2025-01-10,18:32:34,-08:00,2025-01-10T18:32:34-08:00,0,5
projects\index.html,4,html,437cef8e,unknown,2025-01-31,23:53:56,-08:00,2025-01-31T23:53:56-08:00,0,45
projects\index.html,5,html,242f67fb,unknown,2025-01-31,23:33:37,-08:00,2025-01-31T23:33:37-08:00,0,49
projects\index.html,6,html,242f67fb,unknown,2025-01-31,23:33:37,-08:00,2025-01-31T23:33:37-08:00,0,48
projects\index.html,7,html,242f67fb,unknown,2025-01-31,23:33:37,-08:00,2025-01-31T23:33:37-08:00,0,0
projects\index.html,8,html,1e8f6f29,unknown,2025-01-17,22:23:21,-08:00,2025-01-17T22:23:21-08:00,0,0
projects\index.html,9,html,930ec031,unknown,2025-01-10,18:32:34,-08:00,2025-01-10T18:32:34-08:00,0,21
projects\index.html,10,html,930ec031,unknown,2025-01-10,18:32:34,-08:00,2025-01-10T18:32:34-08:00,0,69
projects\index.html,11,html,930ec031,unknown,2025-01-10,18:32:34,-08:00,2025-01-10T18:32:34-08:00,0,22
projects\index.html,12,html,6d2d159b,unknown,2025-01-24,23:52:38,-08:00,2025-01-24T23:52:38-08:00,0,0
projects\index.html,13,html,242f67fb,unknown,2025-01-31,23:33:37,-08:00,2025-01-31T23:33:37-08:00,0,40
projects\index.html,14,html,1442e9ca,unknown,2025-02-07,22:51:36,-08:00,2025-02-07T22:51:36-08:00,0,0
projects\index.html,15,html,1442e9ca,unknown,2025-02-07,22:51:36,-08:00,2025-02-07T22:51:36-08:00,0,22
projects\index.html,16,html,1442e9ca,unknown,2025-02-07,22:51:36,-08:00,2025-02-07T22:51:36-08:00,0,50
projects\index.html,17,html,1442e9ca,unknown,2025-02-07,22:51:36,-08:00,2025-02-07T22:51:36-08:00,0,5
projects\index.html,18,html,1442e9ca,unknown,2025-02-07,22:51:36,-08:00,2025-02-07T22:51:36-08:00,0,0
projects\index.html,19,html,1442e9ca,unknown,2025-02-07,22:51:36,-08:00,2025-02-07T22:51:36-08:00,0,23
projects\index.html,20,html,1442e9ca,unknown,2025-02-07,22:51:36,-08:00,2025-02-07T22:51:36-08:00,0,5
projects\index.html,21,html,1442e9ca,unknown,2025-02-07,22:51:36,-08:00,2025-02-07T22:51:36-08:00,0,0
projects\index.html,22,html,1442e9ca,unknown,2025-02-07,22:51:36,-08:00,2025-02-07T22:51:36-08:00,0,5
projects\index.html,23,html,1442e9ca,unknown,2025-02-07,22:51:36,-08:00,2025-02-07T22:51:36-08:00,0,16
projects\index.html,24,html,1442e9ca,unknown,2025-02-07,22:51:36,-08:00,2025-02-07T22:51:36-08:00,0,12
projects\index.html,25,html,1442e9ca,unknown,2025-02-07,22:51:36,-08:00,2025-02-07T22:51:36-08:00,0,27
projects\index.html,26,html,1442e9ca,unknown,2025-02-07,22:51:36,-08:00,2025-02-07T22:51:36-08:00,0,32
projects\index.html,27,html,1442e9ca,unknown,2025-02-07,22:51:36,-08:00,2025-02-07T22:51:36-08:00,0,1
projects\index.html,28,html,1442e9ca,unknown,2025-02-07,22:51:36,-08:00,2025-02-07T22:51:36-08:00,0,0
projects\index.html,29,html,1e8f6f29,unknown,2025-01-17,22:23:21,-08:00,2025-01-17T22:23:21-08:00,0,21
projects\index.html,30,html,1e8f6f29,unknown,2025-01-17,22:23:21,-08:00,2025-01-17T22:23:21-08:00,0,5
projects\index.html,31,html,930ec031,unknown,2025-01-10,18:32:34,-08:00,2025-01-10T18:32:34-08:00,0,6
projects\index.html,32,html,930ec031,unknown,2025-01-10,18:32:34,-08:00,2025-01-10T18:32:34-08:00,0,5
projects\index.html,33,html,930ec031,unknown,2025-01-10,18:32:34,-08:00,2025-01-10T18:32:34-08:00,0,0
projects\index.html,34,html,930ec031,unknown,2025-01-10,18:32:34,-08:00,2025-01-10T18:32:34-08:00,0,6
projects\index.html,35,html,930ec031,unknown,2025-01-10,18:32:34,-08:00,2025-01-10T18:32:34-08:00,0,6
contact\index.html,1,html,930ec031,unknown,2025-01-10,18:32:34,-08:00,2025-01-10T18:32:34-08:00,0,14
contact\index.html,2,html,930ec031,unknown,2025-01-10,18:32:34,-08:00,2025-01-10T18:32:34-08:00,0,15
contact\index.html,3,html,930ec031,unknown,2025-01-10,18:32:34,-08:00,2025-01-10T18:32:34-08:00,0,5
contact\index.html,4,html,1e8f6f29,unknown,2025-01-17,22:23:21,-08:00,2025-01-17T22:23:21-08:00,0,45
contact\index.html,5,html,6d2d159b,unknown,2025-01-24,23:52:38,-08:00,2025-01-24T23:52:38-08:00,0,49
contact\index.html,6,html,6d2d159b,unknown,2025-01-24,23:52:38,-08:00,2025-01-24T23:52:38-08:00,0,0
contact\index.html,7,html,930ec031,unknown,2025-01-10,18:32:34,-08:00,2025-01-10T18:32:34-08:00,0,21
contact\index.html,8,html,930ec031,unknown,2025-01-10,18:32:34,-08:00,2025-01-10T18:32:34-08:00,0,69
contact\index.html,9,html,930ec031,unknown,2025-01-10,18:32:34,-08:00,2025-01-10T18:32:34-08:00,0,21
contact\index.html,10,html,6d2d159b,unknown,2025-01-24,23:52:38,-08:00,2025-01-24T23:52:38-08:00,0,0
contact\index.html,11,html,930ec031,unknown,2025-01-10,18:32:34,-08:00,2025-01-10T18:32:34-08:00,0,0
contact\index.html,12,html,930ec031,unknown,2025-01-10,18:32:34,-08:00,2025-01-10T18:32:34-08:00,0,17
contact\index.html,13,html,1e8f6f29,unknown,2025-01-17,22:23:21,-08:00,2025-01-17T22:23:21-08:00,0,0
contact\index.html,14,html,930ec031,unknown,2025-01-10,18:32:34,-08:00,2025-01-10T18:32:34-08:00,0,5
contact\index.html,15,html,930ec031,unknown,2025-01-10,18:32:34,-08:00,2025-01-10T18:32:34-08:00,0,72
contact\index.html,16,html,930ec031,unknown,2025-01-10,18:32:34,-08:00,2025-01-10T18:32:34-08:00,0,6
contact\index.html,17,html,1e8f6f29,unknown,2025-01-17,22:23:21,-08:00,2025-01-17T22:23:21-08:00,0,5
contact\index.html,18,html,930ec031,unknown,2025-01-10,18:32:34,-08:00,2025-01-10T18:32:34-08:00,0,32
contact\index.html,19,html,930ec031,unknown,2025-01-10,18:32:34,-08:00,2025-01-10T18:32:34-08:00,0,7
contact\index.html,20,html,930ec031,unknown,2025-01-10,18:32:34,-08:00,2025-01-10T18:32:34-08:00,0,0
contact\index.html,21,html,930ec031,unknown,2025-01-10,18:32:34,-08:00,2025-01-10T18:32:34-08:00,0,6
contact\index.html,22,html,1e8f6f29,unknown,2025-01-17,22:23:21,-08:00,2025-01-17T22:23:21-08:00,0,7
contact\index.html,23,html,930ec031,unknown,2025-01-10,18:32:34,-08:00,2025-01-10T18:32:34-08:00,0,37
contact\index.html,24,html,930ec031,unknown,2025-01-10,18:32:34,-08:00,2025-01-10T18:32:34-08:00,0,7
contact\index.html,25,html,930ec031,unknown,2025-01-10,18:32:34,-08:00,2025-01-10T18:32:34-08:00,0,0
contact\index.html,26,html,930ec031,unknown,2025-01-10,18:32:34,-08:00,2025-01-10T18:32:34-08:00,0,6
contact\index.html,27,html,930ec031,unknown,2025-01-10,18:32:34,-08:00,2025-01-10T18:32:34-08:00,0,4
contact\index.html,28,html,930ec031,unknown,2025-01-10,18:32:34,-08:00,2025-01-10T18:32:34-08:00,0,33
contact\index.html,29,html,930ec031,unknown,2025-01-10,18:32:34,-08:00,2025-01-10T18:32:34-08:00,0,7
contact\index.html,30,html,930ec031,unknown,2025-01-10,18:32:34,-08:00,2025-01-10T18:32:34-08:00,0,22
contact\index.html,31,html,930ec031,unknown,2025-01-10,18:32:34,-08:00,2025-01-10T18:32:34-08:00,0,0
contact\index.html,32,html,930ec031,unknown,2025-01-10,18:32:34,-08:00,2025-01-10T18:32:34-08:00,0,6
contact\index.html,33,html,1e8f6f29,unknown,2025-01-17,22:23:21,-08:00,2025-01-17T22:23:21-08:00,0,0
contact\index.html,34,html,930ec031,unknown,2025-01-10,18:32:34,-08:00,2025-01-10T18:32:34-08:00,0,6
contact\index.html,35,html,930ec031,unknown,2025-01-10,18:32:34,-08:00,2025-01-10T18:32:34-08:00,0,6
contact\index.html,36,html,930ec031,unknown,2025-01-10,18:32:34,-08:00,2025-01-10T18:32:34-08:00,0,6
